BeforeExecute
-- ClickHouse.Client ClickHouse

DROP TABLE IF EXISTS MasterClass

BeforeExecute
-- ClickHouse.Client ClickHouse

CREATE TABLE IF NOT EXISTS MasterClass
(
	Id1        Int32,
	Id2        Int32,
	Value      Nullable(String),
	ByteValues Nullable(String),

	PRIMARY KEY (Id1, Id2)
)
ENGINE = MergeTree()
ORDER BY (Id1, Id2)

BeforeExecute
-- ClickHouse.Client ClickHouse

INSERT INTO MasterClass
(
	Id1,
	Id2,
	Value,
	ByteValues
)
VALUES
(1,1,'Str1',NULL),
(2,2,'Str2',NULL),
(3,3,'Str3',NULL),
(4,4,'Str4',NULL),
(5,5,'Str5',NULL),
(6,6,'Str6',NULL),
(7,7,'Str7',NULL),
(8,8,'Str8',NULL),
(9,9,'Str9',NULL),
(10,10,'Str10',NULL)

BeforeExecute
-- ClickHouse.Client ClickHouse

DROP TABLE IF EXISTS DetailClass

BeforeExecute
-- ClickHouse.Client ClickHouse

CREATE TABLE IF NOT EXISTS DetailClass
(
	DetailId    Int32,
	MasterId    Nullable(Int32),
	DetailValue Nullable(String),

	PRIMARY KEY (DetailId)
)
ENGINE = MergeTree()
ORDER BY DetailId

BeforeExecute
-- ClickHouse.Client ClickHouse

INSERT INTO DetailClass
(
	DetailId,
	MasterId,
	DetailValue
)
VALUES
(1001,1,'DetailValue10001'),
(3001,3,'DetailValue30001'),
(3002,3,'DetailValue30002'),
(3003,3,'DetailValue30003'),
(5001,5,'DetailValue50001'),
(5002,5,'DetailValue50002'),
(5003,5,'DetailValue50003'),
(5004,5,'DetailValue50004'),
(5005,5,'DetailValue50005'),
(7001,7,'DetailValue70001'),
(7002,7,'DetailValue70002'),
(7003,7,'DetailValue70003'),
(7004,7,'DetailValue70004'),
(7005,7,'DetailValue70005'),
(7006,7,'DetailValue70006'),
(7007,7,'DetailValue70007'),
(9001,9,'DetailValue90001'),
(9002,9,'DetailValue90002'),
(9003,9,'DetailValue90003'),
(9004,9,'DetailValue90004'),
(9005,9,'DetailValue90005'),
(9006,9,'DetailValue90006'),
(9007,9,'DetailValue90007'),
(9008,9,'DetailValue90008'),
(9009,9,'DetailValue90009')

BeforeExecute
-- ClickHouse.Client ClickHouse

DROP TABLE IF EXISTS SubDetailClass

BeforeExecute
-- ClickHouse.Client ClickHouse

CREATE TABLE IF NOT EXISTS SubDetailClass
(
	SubDetailId    Int32,
	DetailId       Nullable(Int32),
	SubDetailValue Nullable(String),

	PRIMARY KEY (SubDetailId)
)
ENGINE = MergeTree()
ORDER BY SubDetailId

BeforeExecute
-- ClickHouse.Client ClickHouse

INSERT INTO SubDetailClass
(
	SubDetailId,
	DetailId,
	SubDetailValue
)
VALUES
(1001001,1001,'SubDetailValue10010001'),
(1001002,1001,'SubDetailValue10010002'),
(1001003,1001,'SubDetailValue10010003'),
(1001004,1001,'SubDetailValue10010004'),
(1001005,1001,'SubDetailValue10010005'),
(1001006,1001,'SubDetailValue10010006'),
(1001007,1001,'SubDetailValue10010007'),
(1001008,1001,'SubDetailValue10010008'),
(1001009,1001,'SubDetailValue10010009'),
(1001010,1001,'SubDetailValue100100010'),
(3001001,3001,'SubDetailValue30010001'),
(3001002,3001,'SubDetailValue30010002'),
(3001003,3001,'SubDetailValue30010003'),
(3001004,3001,'SubDetailValue30010004'),
(3001005,3001,'SubDetailValue30010005'),
(3001006,3001,'SubDetailValue30010006'),
(3001007,3001,'SubDetailValue30010007'),
(3001008,3001,'SubDetailValue30010008'),
(3001009,3001,'SubDetailValue30010009'),
(3001010,3001,'SubDetailValue300100010'),
(3001011,3001,'SubDetailValue300100011'),
(3001012,3001,'SubDetailValue300100012'),
(3001013,3001,'SubDetailValue300100013'),
(3001014,3001,'SubDetailValue300100014'),
(3001015,3001,'SubDetailValue300100015'),
(3001016,3001,'SubDetailValue300100016'),
(3001017,3001,'SubDetailValue300100017'),
(3001018,3001,'SubDetailValue300100018'),
(3001019,3001,'SubDetailValue300100019'),
(3001020,3001,'SubDetailValue300100020'),
(3001021,3001,'SubDetailValue300100021'),
(3001022,3001,'SubDetailValue300100022'),
(3001023,3001,'SubDetailValue300100023'),
(3001024,3001,'SubDetailValue300100024'),
(3001025,3001,'SubDetailValue300100025'),
(3001026,3001,'SubDetailValue300100026'),
(3001027,3001,'SubDetailValue300100027'),
(3001028,3001,'SubDetailValue300100028'),
(3001029,3001,'SubDetailValue300100029'),
(3001030,3001,'SubDetailValue300100030'),
(3002001,3002,'SubDetailValue30020001'),
(3002002,3002,'SubDetailValue30020002'),
(3002003,3002,'SubDetailValue30020003'),
(3002004,3002,'SubDetailValue30020004'),
(3002005,3002,'SubDetailValue30020005'),
(3002006,3002,'SubDetailValue30020006'),
(3002007,3002,'SubDetailValue30020007'),
(3002008,3002,'SubDetailValue30020008'),
(3002009,3002,'SubDetailValue30020009'),
(3002010,3002,'SubDetailValue300200010'),
(3002011,3002,'SubDetailValue300200011'),
(3002012,3002,'SubDetailValue300200012'),
(3002013,3002,'SubDetailValue300200013'),
(3002014,3002,'SubDetailValue300200014'),
(3002015,3002,'SubDetailValue300200015'),
(3002016,3002,'SubDetailValue300200016'),
(3002017,3002,'SubDetailValue300200017'),
(3002018,3002,'SubDetailValue300200018'),
(3002019,3002,'SubDetailValue300200019'),
(3002020,3002,'SubDetailValue300200020'),
(3002021,3002,'SubDetailValue300200021'),
(3002022,3002,'SubDetailValue300200022'),
(3002023,3002,'SubDetailValue300200023'),
(3002024,3002,'SubDetailValue300200024'),
(3002025,3002,'SubDetailValue300200025'),
(3002026,3002,'SubDetailValue300200026'),
(3002027,3002,'SubDetailValue300200027'),
(3002028,3002,'SubDetailValue300200028'),
(3002029,3002,'SubDetailValue300200029'),
(3002030,3002,'SubDetailValue300200030'),
(3003001,3003,'SubDetailValue30030001'),
(3003002,3003,'SubDetailValue30030002'),
(3003003,3003,'SubDetailValue30030003'),
(3003004,3003,'SubDetailValue30030004'),
(3003005,3003,'SubDetailValue30030005'),
(3003006,3003,'SubDetailValue30030006'),
(3003007,3003,'SubDetailValue30030007'),
(3003008,3003,'SubDetailValue30030008'),
(3003009,3003,'SubDetailValue30030009'),
(3003010,3003,'SubDetailValue300300010'),
(3003011,3003,'SubDetailValue300300011'),
(3003012,3003,'SubDetailValue300300012'),
(3003013,3003,'SubDetailValue300300013'),
(3003014,3003,'SubDetailValue300300014'),
(3003015,3003,'SubDetailValue300300015'),
(3003016,3003,'SubDetailValue300300016'),
(3003017,3003,'SubDetailValue300300017'),
(3003018,3003,'SubDetailValue300300018'),
(3003019,3003,'SubDetailValue300300019'),
(3003020,3003,'SubDetailValue300300020'),
(3003021,3003,'SubDetailValue300300021'),
(3003022,3003,'SubDetailValue300300022'),
(3003023,3003,'SubDetailValue300300023'),
(3003024,3003,'SubDetailValue300300024'),
(3003025,3003,'SubDetailValue300300025'),
(3003026,3003,'SubDetailValue300300026'),
(3003027,3003,'SubDetailValue300300027'),
(3003028,3003,'SubDetailValue300300028'),
(3003029,3003,'SubDetailValue300300029'),
(3003030,3003,'SubDetailValue300300030'),
(5001001,5001,'SubDetailValue50010001'),
(5001002,5001,'SubDetailValue50010002'),
(5001003,5001,'SubDetailValue50010003'),
(5001004,5001,'SubDetailValue50010004'),
(5001005,5001,'SubDetailValue50010005'),
(5001006,5001,'SubDetailValue50010006'),
(5001007,5001,'SubDetailValue50010007'),
(5001008,5001,'SubDetailValue50010008'),
(5001009,5001,'SubDetailValue50010009'),
(5001010,5001,'SubDetailValue500100010'),
(5001011,5001,'SubDetailValue500100011'),
(5001012,5001,'SubDetailValue500100012'),
(5001013,5001,'SubDetailValue500100013'),
(5001014,5001,'SubDetailValue500100014'),
(5001015,5001,'SubDetailValue500100015'),
(5001016,5001,'SubDetailValue500100016'),
(5001017,5001,'SubDetailValue500100017'),
(5001018,5001,'SubDetailValue500100018'),
(5001019,5001,'SubDetailValue500100019'),
(5001020,5001,'SubDetailValue500100020'),
(5001021,5001,'SubDetailValue500100021'),
(5001022,5001,'SubDetailValue500100022'),
(5001023,5001,'SubDetailValue500100023'),
(5001024,5001,'SubDetailValue500100024'),
(5001025,5001,'SubDetailValue500100025'),
(5001026,5001,'SubDetailValue500100026'),
(5001027,5001,'SubDetailValue500100027'),
(5001028,5001,'SubDetailValue500100028'),
(5001029,5001,'SubDetailValue500100029'),
(5001030,5001,'SubDetailValue500100030'),
(5001031,5001,'SubDetailValue500100031'),
(5001032,5001,'SubDetailValue500100032'),
(5001033,5001,'SubDetailValue500100033'),
(5001034,5001,'SubDetailValue500100034'),
(5001035,5001,'SubDetailValue500100035'),
(5001036,5001,'SubDetailValue500100036'),
(5001037,5001,'SubDetailValue500100037'),
(5001038,5001,'SubDetailValue500100038'),
(5001039,5001,'SubDetailValue500100039'),
(5001040,5001,'SubDetailValue500100040'),
(5001041,5001,'SubDetailValue500100041'),
(5001042,5001,'SubDetailValue500100042'),
(5001043,5001,'SubDetailValue500100043'),
(5001044,5001,'SubDetailValue500100044'),
(5001045,5001,'SubDetailValue500100045'),
(5001046,5001,'SubDetailValue500100046'),
(5001047,5001,'SubDetailValue500100047'),
(5001048,5001,'SubDetailValue500100048'),
(5001049,5001,'SubDetailValue500100049'),
(5001050,5001,'SubDetailValue500100050'),
(5002001,5002,'SubDetailValue50020001'),
(5002002,5002,'SubDetailValue50020002'),
(5002003,5002,'SubDetailValue50020003'),
(5002004,5002,'SubDetailValue50020004'),
(5002005,5002,'SubDetailValue50020005'),
(5002006,5002,'SubDetailValue50020006'),
(5002007,5002,'SubDetailValue50020007'),
(5002008,5002,'SubDetailValue50020008'),
(5002009,5002,'SubDetailValue50020009'),
(5002010,5002,'SubDetailValue500200010'),
(5002011,5002,'SubDetailValue500200011'),
(5002012,5002,'SubDetailValue500200012'),
(5002013,5002,'SubDetailValue500200013'),
(5002014,5002,'SubDetailValue500200014'),
(5002015,5002,'SubDetailValue500200015'),
(5002016,5002,'SubDetailValue500200016'),
(5002017,5002,'SubDetailValue500200017'),
(5002018,5002,'SubDetailValue500200018'),
(5002019,5002,'SubDetailValue500200019'),
(5002020,5002,'SubDetailValue500200020'),
(5002021,5002,'SubDetailValue500200021'),
(5002022,5002,'SubDetailValue500200022'),
(5002023,5002,'SubDetailValue500200023'),
(5002024,5002,'SubDetailValue500200024'),
(5002025,5002,'SubDetailValue500200025'),
(5002026,5002,'SubDetailValue500200026'),
(5002027,5002,'SubDetailValue500200027'),
(5002028,5002,'SubDetailValue500200028'),
(5002029,5002,'SubDetailValue500200029'),
(5002030,5002,'SubDetailValue500200030'),
(5002031,5002,'SubDetailValue500200031'),
(5002032,5002,'SubDetailValue500200032'),
(5002033,5002,'SubDetailValue500200033'),
(5002034,5002,'SubDetailValue500200034'),
(5002035,5002,'SubDetailValue500200035'),
(5002036,5002,'SubDetailValue500200036'),
(5002037,5002,'SubDetailValue500200037'),
(5002038,5002,'SubDetailValue500200038'),
(5002039,5002,'SubDetailValue500200039'),
(5002040,5002,'SubDetailValue500200040'),
(5002041,5002,'SubDetailValue500200041'),
(5002042,5002,'SubDetailValue500200042'),
(5002043,5002,'SubDetailValue500200043'),
(5002044,5002,'SubDetailValue500200044'),
(5002045,5002,'SubDetailValue500200045'),
(5002046,5002,'SubDetailValue500200046'),
(5002047,5002,'SubDetailValue500200047'),
(5002048,5002,'SubDetailValue500200048'),
(5002049,5002,'SubDetailValue500200049'),
(5002050,5002,'SubDetailValue500200050'),
(5003001,5003,'SubDetailValue50030001'),
(5003002,5003,'SubDetailValue50030002'),
(5003003,5003,'SubDetailValue50030003'),
(5003004,5003,'SubDetailValue50030004'),
(5003005,5003,'SubDetailValue50030005'),
(5003006,5003,'SubDetailValue50030006'),
(5003007,5003,'SubDetailValue50030007'),
(5003008,5003,'SubDetailValue50030008'),
(5003009,5003,'SubDetailValue50030009'),
(5003010,5003,'SubDetailValue500300010'),
(5003011,5003,'SubDetailValue500300011'),
(5003012,5003,'SubDetailValue500300012'),
(5003013,5003,'SubDetailValue500300013'),
(5003014,5003,'SubDetailValue500300014'),
(5003015,5003,'SubDetailValue500300015'),
(5003016,5003,'SubDetailValue500300016'),
(5003017,5003,'SubDetailValue500300017'),
(5003018,5003,'SubDetailValue500300018'),
(5003019,5003,'SubDetailValue500300019'),
(5003020,5003,'SubDetailValue500300020'),
(5003021,5003,'SubDetailValue500300021'),
(5003022,5003,'SubDetailValue500300022'),
(5003023,5003,'SubDetailValue500300023'),
(5003024,5003,'SubDetailValue500300024'),
(5003025,5003,'SubDetailValue500300025'),
(5003026,5003,'SubDetailValue500300026'),
(5003027,5003,'SubDetailValue500300027'),
(5003028,5003,'SubDetailValue500300028'),
(5003029,5003,'SubDetailValue500300029'),
(5003030,5003,'SubDetailValue500300030'),
(5003031,5003,'SubDetailValue500300031'),
(5003032,5003,'SubDetailValue500300032'),
(5003033,5003,'SubDetailValue500300033'),
(5003034,5003,'SubDetailValue500300034'),
(5003035,5003,'SubDetailValue500300035'),
(5003036,5003,'SubDetailValue500300036'),
(5003037,5003,'SubDetailValue500300037'),
(5003038,5003,'SubDetailValue500300038'),
(5003039,5003,'SubDetailValue500300039'),
(5003040,5003,'SubDetailValue500300040'),
(5003041,5003,'SubDetailValue500300041'),
(5003042,5003,'SubDetailValue500300042'),
(5003043,5003,'SubDetailValue500300043'),
(5003044,5003,'SubDetailValue500300044'),
(5003045,5003,'SubDetailValue500300045'),
(5003046,5003,'SubDetailValue500300046'),
(5003047,5003,'SubDetailValue500300047'),
(5003048,5003,'SubDetailValue500300048'),
(5003049,5003,'SubDetailValue500300049'),
(5003050,5003,'SubDetailValue500300050'),
(5004001,5004,'SubDetailValue50040001'),
(5004002,5004,'SubDetailValue50040002'),
(5004003,5004,'SubDetailValue50040003'),
(5004004,5004,'SubDetailValue50040004'),
(5004005,5004,'SubDetailValue50040005'),
(5004006,5004,'SubDetailValue50040006'),
(5004007,5004,'SubDetailValue50040007'),
(5004008,5004,'SubDetailValue50040008'),
(5004009,5004,'SubDetailValue50040009'),
(5004010,5004,'SubDetailValue500400010'),
(5004011,5004,'SubDetailValue500400011'),
(5004012,5004,'SubDetailValue500400012'),
(5004013,5004,'SubDetailValue500400013'),
(5004014,5004,'SubDetailValue500400014'),
(5004015,5004,'SubDetailValue500400015'),
(5004016,5004,'SubDetailValue500400016'),
(5004017,5004,'SubDetailValue500400017'),
(5004018,5004,'SubDetailValue500400018'),
(5004019,5004,'SubDetailValue500400019'),
(5004020,5004,'SubDetailValue500400020'),
(5004021,5004,'SubDetailValue500400021'),
(5004022,5004,'SubDetailValue500400022'),
(5004023,5004,'SubDetailValue500400023'),
(5004024,5004,'SubDetailValue500400024'),
(5004025,5004,'SubDetailValue500400025'),
(5004026,5004,'SubDetailValue500400026'),
(5004027,5004,'SubDetailValue500400027'),
(5004028,5004,'SubDetailValue500400028'),
(5004029,5004,'SubDetailValue500400029'),
(5004030,5004,'SubDetailValue500400030'),
(5004031,5004,'SubDetailValue500400031'),
(5004032,5004,'SubDetailValue500400032'),
(5004033,5004,'SubDetailValue500400033'),
(5004034,5004,'SubDetailValue500400034'),
(5004035,5004,'SubDetailValue500400035'),
(5004036,5004,'SubDetailValue500400036'),
(5004037,5004,'SubDetailValue500400037'),
(5004038,5004,'SubDetailValue500400038'),
(5004039,5004,'SubDetailValue500400039'),
(5004040,5004,'SubDetailValue500400040'),
(5004041,5004,'SubDetailValue500400041'),
(5004042,5004,'SubDetailValue500400042'),
(5004043,5004,'SubDetailValue500400043'),
(5004044,5004,'SubDetailValue500400044'),
(5004045,5004,'SubDetailValue500400045'),
(5004046,5004,'SubDetailValue500400046'),
(5004047,5004,'SubDetailValue500400047'),
(5004048,5004,'SubDetailValue500400048'),
(5004049,5004,'SubDetailValue500400049'),
(5004050,5004,'SubDetailValue500400050'),
(5005001,5005,'SubDetailValue50050001'),
(5005002,5005,'SubDetailValue50050002'),
(5005003,5005,'SubDetailValue50050003'),
(5005004,5005,'SubDetailValue50050004'),
(5005005,5005,'SubDetailValue50050005'),
(5005006,5005,'SubDetailValue50050006'),
(5005007,5005,'SubDetailValue50050007'),
(5005008,5005,'SubDetailValue50050008'),
(5005009,5005,'SubDetailValue50050009'),
(5005010,5005,'SubDetailValue500500010'),
(5005011,5005,'SubDetailValue500500011'),
(5005012,5005,'SubDetailValue500500012'),
(5005013,5005,'SubDetailValue500500013'),
(5005014,5005,'SubDetailValue500500014'),
(5005015,5005,'SubDetailValue500500015'),
(5005016,5005,'SubDetailValue500500016'),
(5005017,5005,'SubDetailValue500500017'),
(5005018,5005,'SubDetailValue500500018'),
(5005019,5005,'SubDetailValue500500019'),
(5005020,5005,'SubDetailValue500500020'),
(5005021,5005,'SubDetailValue500500021'),
(5005022,5005,'SubDetailValue500500022'),
(5005023,5005,'SubDetailValue500500023'),
(5005024,5005,'SubDetailValue500500024'),
(5005025,5005,'SubDetailValue500500025'),
(5005026,5005,'SubDetailValue500500026'),
(5005027,5005,'SubDetailValue500500027'),
(5005028,5005,'SubDetailValue500500028'),
(5005029,5005,'SubDetailValue500500029'),
(5005030,5005,'SubDetailValue500500030'),
(5005031,5005,'SubDetailValue500500031'),
(5005032,5005,'SubDetailValue500500032'),
(5005033,5005,'SubDetailValue500500033'),
(5005034,5005,'SubDetailValue500500034'),
(5005035,5005,'SubDetailValue500500035'),
(5005036,5005,'SubDetailValue500500036'),
(5005037,5005,'SubDetailValue500500037'),
(5005038,5005,'SubDetailValue500500038'),
(5005039,5005,'SubDetailValue500500039'),
(5005040,5005,'SubDetailValue500500040'),
(5005041,5005,'SubDetailValue500500041'),
(5005042,5005,'SubDetailValue500500042'),
(5005043,5005,'SubDetailValue500500043'),
(5005044,5005,'SubDetailValue500500044'),
(5005045,5005,'SubDetailValue500500045'),
(5005046,5005,'SubDetailValue500500046'),
(5005047,5005,'SubDetailValue500500047'),
(5005048,5005,'SubDetailValue500500048'),
(5005049,5005,'SubDetailValue500500049'),
(5005050,5005,'SubDetailValue500500050'),
(7001001,7001,'SubDetailValue70010001'),
(7001002,7001,'SubDetailValue70010002'),
(7001003,7001,'SubDetailValue70010003'),
(7001004,7001,'SubDetailValue70010004'),
(7001005,7001,'SubDetailValue70010005'),
(7001006,7001,'SubDetailValue70010006'),
(7001007,7001,'SubDetailValue70010007'),
(7001008,7001,'SubDetailValue70010008'),
(7001009,7001,'SubDetailValue70010009'),
(7001010,7001,'SubDetailValue700100010'),
(7001011,7001,'SubDetailValue700100011'),
(7001012,7001,'SubDetailValue700100012'),
(7001013,7001,'SubDetailValue700100013'),
(7001014,7001,'SubDetailValue700100014'),
(7001015,7001,'SubDetailValue700100015'),
(7001016,7001,'SubDetailValue700100016'),
(7001017,7001,'SubDetailValue700100017'),
(7001018,7001,'SubDetailValue700100018'),
(7001019,7001,'SubDetailValue700100019'),
(7001020,7001,'SubDetailValue700100020'),
(7001021,7001,'SubDetailValue700100021'),
(7001022,7001,'SubDetailValue700100022'),
(7001023,7001,'SubDetailValue700100023'),
(7001024,7001,'SubDetailValue700100024'),
(7001025,7001,'SubDetailValue700100025'),
(7001026,7001,'SubDetailValue700100026'),
(7001027,7001,'SubDetailValue700100027'),
(7001028,7001,'SubDetailValue700100028'),
(7001029,7001,'SubDetailValue700100029'),
(7001030,7001,'SubDetailValue700100030'),
(7001031,7001,'SubDetailValue700100031'),
(7001032,7001,'SubDetailValue700100032'),
(7001033,7001,'SubDetailValue700100033'),
(7001034,7001,'SubDetailValue700100034'),
(7001035,7001,'SubDetailValue700100035'),
(7001036,7001,'SubDetailValue700100036'),
(7001037,7001,'SubDetailValue700100037'),
(7001038,7001,'SubDetailValue700100038'),
(7001039,7001,'SubDetailValue700100039'),
(7001040,7001,'SubDetailValue700100040'),
(7001041,7001,'SubDetailValue700100041'),
(7001042,7001,'SubDetailValue700100042'),
(7001043,7001,'SubDetailValue700100043'),
(7001044,7001,'SubDetailValue700100044'),
(7001045,7001,'SubDetailValue700100045'),
(7001046,7001,'SubDetailValue700100046'),
(7001047,7001,'SubDetailValue700100047'),
(7001048,7001,'SubDetailValue700100048'),
(7001049,7001,'SubDetailValue700100049'),
(7001050,7001,'SubDetailValue700100050'),
(7001051,7001,'SubDetailValue700100051'),
(7001052,7001,'SubDetailValue700100052'),
(7001053,7001,'SubDetailValue700100053'),
(7001054,7001,'SubDetailValue700100054'),
(7001055,7001,'SubDetailValue700100055'),
(7001056,7001,'SubDetailValue700100056'),
(7001057,7001,'SubDetailValue700100057'),
(7001058,7001,'SubDetailValue700100058'),
(7001059,7001,'SubDetailValue700100059'),
(7001060,7001,'SubDetailValue700100060'),
(7001061,7001,'SubDetailValue700100061'),
(7001062,7001,'SubDetailValue700100062'),
(7001063,7001,'SubDetailValue700100063'),
(7001064,7001,'SubDetailValue700100064'),
(7001065,7001,'SubDetailValue700100065'),
(7001066,7001,'SubDetailValue700100066'),
(7001067,7001,'SubDetailValue700100067'),
(7001068,7001,'SubDetailValue700100068'),
(7001069,7001,'SubDetailValue700100069'),
(7001070,7001,'SubDetailValue700100070'),
(7002001,7002,'SubDetailValue70020001'),
(7002002,7002,'SubDetailValue70020002'),
(7002003,7002,'SubDetailValue70020003'),
(7002004,7002,'SubDetailValue70020004'),
(7002005,7002,'SubDetailValue70020005'),
(7002006,7002,'SubDetailValue70020006'),
(7002007,7002,'SubDetailValue70020007'),
(7002008,7002,'SubDetailValue70020008'),
(7002009,7002,'SubDetailValue70020009'),
(7002010,7002,'SubDetailValue700200010'),
(7002011,7002,'SubDetailValue700200011'),
(7002012,7002,'SubDetailValue700200012'),
(7002013,7002,'SubDetailValue700200013'),
(7002014,7002,'SubDetailValue700200014'),
(7002015,7002,'SubDetailValue700200015'),
(7002016,7002,'SubDetailValue700200016'),
(7002017,7002,'SubDetailValue700200017'),
(7002018,7002,'SubDetailValue700200018'),
(7002019,7002,'SubDetailValue700200019'),
(7002020,7002,'SubDetailValue700200020'),
(7002021,7002,'SubDetailValue700200021'),
(7002022,7002,'SubDetailValue700200022'),
(7002023,7002,'SubDetailValue700200023'),
(7002024,7002,'SubDetailValue700200024'),
(7002025,7002,'SubDetailValue700200025'),
(7002026,7002,'SubDetailValue700200026'),
(7002027,7002,'SubDetailValue700200027'),
(7002028,7002,'SubDetailValue700200028'),
(7002029,7002,'SubDetailValue700200029'),
(7002030,7002,'SubDetailValue700200030'),
(7002031,7002,'SubDetailValue700200031'),
(7002032,7002,'SubDetailValue700200032'),
(7002033,7002,'SubDetailValue700200033'),
(7002034,7002,'SubDetailValue700200034'),
(7002035,7002,'SubDetailValue700200035'),
(7002036,7002,'SubDetailValue700200036'),
(7002037,7002,'SubDetailValue700200037'),
(7002038,7002,'SubDetailValue700200038'),
(7002039,7002,'SubDetailValue700200039'),
(7002040,7002,'SubDetailValue700200040'),
(7002041,7002,'SubDetailValue700200041'),
(7002042,7002,'SubDetailValue700200042'),
(7002043,7002,'SubDetailValue700200043'),
(7002044,7002,'SubDetailValue700200044'),
(7002045,7002,'SubDetailValue700200045'),
(7002046,7002,'SubDetailValue700200046'),
(7002047,7002,'SubDetailValue700200047'),
(7002048,7002,'SubDetailValue700200048'),
(7002049,7002,'SubDetailValue700200049'),
(7002050,7002,'SubDetailValue700200050'),
(7002051,7002,'SubDetailValue700200051'),
(7002052,7002,'SubDetailValue700200052'),
(7002053,7002,'SubDetailValue700200053'),
(7002054,7002,'SubDetailValue700200054'),
(7002055,7002,'SubDetailValue700200055'),
(7002056,7002,'SubDetailValue700200056'),
(7002057,7002,'SubDetailValue700200057'),
(7002058,7002,'SubDetailValue700200058'),
(7002059,7002,'SubDetailValue700200059'),
(7002060,7002,'SubDetailValue700200060'),
(7002061,7002,'SubDetailValue700200061'),
(7002062,7002,'SubDetailValue700200062'),
(7002063,7002,'SubDetailValue700200063'),
(7002064,7002,'SubDetailValue700200064'),
(7002065,7002,'SubDetailValue700200065'),
(7002066,7002,'SubDetailValue700200066'),
(7002067,7002,'SubDetailValue700200067'),
(7002068,7002,'SubDetailValue700200068'),
(7002069,7002,'SubDetailValue700200069'),
(7002070,7002,'SubDetailValue700200070'),
(7003001,7003,'SubDetailValue70030001'),
(7003002,7003,'SubDetailValue70030002'),
(7003003,7003,'SubDetailValue70030003'),
(7003004,7003,'SubDetailValue70030004'),
(7003005,7003,'SubDetailValue70030005'),
(7003006,7003,'SubDetailValue70030006'),
(7003007,7003,'SubDetailValue70030007'),
(7003008,7003,'SubDetailValue70030008'),
(7003009,7003,'SubDetailValue70030009'),
(7003010,7003,'SubDetailValue700300010'),
(7003011,7003,'SubDetailValue700300011'),
(7003012,7003,'SubDetailValue700300012'),
(7003013,7003,'SubDetailValue700300013'),
(7003014,7003,'SubDetailValue700300014'),
(7003015,7003,'SubDetailValue700300015'),
(7003016,7003,'SubDetailValue700300016'),
(7003017,7003,'SubDetailValue700300017'),
(7003018,7003,'SubDetailValue700300018'),
(7003019,7003,'SubDetailValue700300019'),
(7003020,7003,'SubDetailValue700300020'),
(7003021,7003,'SubDetailValue700300021'),
(7003022,7003,'SubDetailValue700300022'),
(7003023,7003,'SubDetailValue700300023'),
(7003024,7003,'SubDetailValue700300024'),
(7003025,7003,'SubDetailValue700300025'),
(7003026,7003,'SubDetailValue700300026'),
(7003027,7003,'SubDetailValue700300027'),
(7003028,7003,'SubDetailValue700300028'),
(7003029,7003,'SubDetailValue700300029'),
(7003030,7003,'SubDetailValue700300030'),
(7003031,7003,'SubDetailValue700300031'),
(7003032,7003,'SubDetailValue700300032'),
(7003033,7003,'SubDetailValue700300033'),
(7003034,7003,'SubDetailValue700300034'),
(7003035,7003,'SubDetailValue700300035'),
(7003036,7003,'SubDetailValue700300036'),
(7003037,7003,'SubDetailValue700300037'),
(7003038,7003,'SubDetailValue700300038'),
(7003039,7003,'SubDetailValue700300039'),
(7003040,7003,'SubDetailValue700300040'),
(7003041,7003,'SubDetailValue700300041'),
(7003042,7003,'SubDetailValue700300042'),
(7003043,7003,'SubDetailValue700300043'),
(7003044,7003,'SubDetailValue700300044'),
(7003045,7003,'SubDetailValue700300045'),
(7003046,7003,'SubDetailValue700300046'),
(7003047,7003,'SubDetailValue700300047'),
(7003048,7003,'SubDetailValue700300048'),
(7003049,7003,'SubDetailValue700300049'),
(7003050,7003,'SubDetailValue700300050'),
(7003051,7003,'SubDetailValue700300051'),
(7003052,7003,'SubDetailValue700300052'),
(7003053,7003,'SubDetailValue700300053'),
(7003054,7003,'SubDetailValue700300054'),
(7003055,7003,'SubDetailValue700300055'),
(7003056,7003,'SubDetailValue700300056'),
(7003057,7003,'SubDetailValue700300057'),
(7003058,7003,'SubDetailValue700300058'),
(7003059,7003,'SubDetailValue700300059'),
(7003060,7003,'SubDetailValue700300060'),
(7003061,7003,'SubDetailValue700300061'),
(7003062,7003,'SubDetailValue700300062'),
(7003063,7003,'SubDetailValue700300063'),
(7003064,7003,'SubDetailValue700300064'),
(7003065,7003,'SubDetailValue700300065'),
(7003066,7003,'SubDetailValue700300066'),
(7003067,7003,'SubDetailValue700300067'),
(7003068,7003,'SubDetailValue700300068'),
(7003069,7003,'SubDetailValue700300069'),
(7003070,7003,'SubDetailValue700300070'),
(7004001,7004,'SubDetailValue70040001'),
(7004002,7004,'SubDetailValue70040002'),
(7004003,7004,'SubDetailValue70040003'),
(7004004,7004,'SubDetailValue70040004'),
(7004005,7004,'SubDetailValue70040005'),
(7004006,7004,'SubDetailValue70040006'),
(7004007,7004,'SubDetailValue70040007'),
(7004008,7004,'SubDetailValue70040008'),
(7004009,7004,'SubDetailValue70040009'),
(7004010,7004,'SubDetailValue700400010'),
(7004011,7004,'SubDetailValue700400011'),
(7004012,7004,'SubDetailValue700400012'),
(7004013,7004,'SubDetailValue700400013'),
(7004014,7004,'SubDetailValue700400014'),
(7004015,7004,'SubDetailValue700400015'),
(7004016,7004,'SubDetailValue700400016'),
(7004017,7004,'SubDetailValue700400017'),
(7004018,7004,'SubDetailValue700400018'),
(7004019,7004,'SubDetailValue700400019'),
(7004020,7004,'SubDetailValue700400020'),
(7004021,7004,'SubDetailValue700400021'),
(7004022,7004,'SubDetailValue700400022'),
(7004023,7004,'SubDetailValue700400023'),
(7004024,7004,'SubDetailValue700400024'),
(7004025,7004,'SubDetailValue700400025'),
(7004026,7004,'SubDetailValue700400026'),
(7004027,7004,'SubDetailValue700400027'),
(7004028,7004,'SubDetailValue700400028'),
(7004029,7004,'SubDetailValue700400029'),
(7004030,7004,'SubDetailValue700400030'),
(7004031,7004,'SubDetailValue700400031'),
(7004032,7004,'SubDetailValue700400032'),
(7004033,7004,'SubDetailValue700400033'),
(7004034,7004,'SubDetailValue700400034'),
(7004035,7004,'SubDetailValue700400035'),
(7004036,7004,'SubDetailValue700400036'),
(7004037,7004,'SubDetailValue700400037'),
(7004038,7004,'SubDetailValue700400038'),
(7004039,7004,'SubDetailValue700400039'),
(7004040,7004,'SubDetailValue700400040'),
(7004041,7004,'SubDetailValue700400041'),
(7004042,7004,'SubDetailValue700400042'),
(7004043,7004,'SubDetailValue700400043'),
(7004044,7004,'SubDetailValue700400044'),
(7004045,7004,'SubDetailValue700400045'),
(7004046,7004,'SubDetailValue700400046'),
(7004047,7004,'SubDetailValue700400047'),
(7004048,7004,'SubDetailValue700400048'),
(7004049,7004,'SubDetailValue700400049'),
(7004050,7004,'SubDetailValue700400050'),
(7004051,7004,'SubDetailValue700400051'),
(7004052,7004,'SubDetailValue700400052'),
(7004053,7004,'SubDetailValue700400053'),
(7004054,7004,'SubDetailValue700400054'),
(7004055,7004,'SubDetailValue700400055'),
(7004056,7004,'SubDetailValue700400056'),
(7004057,7004,'SubDetailValue700400057'),
(7004058,7004,'SubDetailValue700400058'),
(7004059,7004,'SubDetailValue700400059'),
(7004060,7004,'SubDetailValue700400060'),
(7004061,7004,'SubDetailValue700400061'),
(7004062,7004,'SubDetailValue700400062'),
(7004063,7004,'SubDetailValue700400063'),
(7004064,7004,'SubDetailValue700400064'),
(7004065,7004,'SubDetailValue700400065'),
(7004066,7004,'SubDetailValue700400066'),
(7004067,7004,'SubDetailValue700400067'),
(7004068,7004,'SubDetailValue700400068'),
(7004069,7004,'SubDetailValue700400069'),
(7004070,7004,'SubDetailValue700400070'),
(7005001,7005,'SubDetailValue70050001'),
(7005002,7005,'SubDetailValue70050002'),
(7005003,7005,'SubDetailValue70050003'),
(7005004,7005,'SubDetailValue70050004'),
(7005005,7005,'SubDetailValue70050005'),
(7005006,7005,'SubDetailValue70050006'),
(7005007,7005,'SubDetailValue70050007'),
(7005008,7005,'SubDetailValue70050008'),
(7005009,7005,'SubDetailValue70050009'),
(7005010,7005,'SubDetailValue700500010'),
(7005011,7005,'SubDetailValue700500011'),
(7005012,7005,'SubDetailValue700500012'),
(7005013,7005,'SubDetailValue700500013'),
(7005014,7005,'SubDetailValue700500014'),
(7005015,7005,'SubDetailValue700500015'),
(7005016,7005,'SubDetailValue700500016'),
(7005017,7005,'SubDetailValue700500017'),
(7005018,7005,'SubDetailValue700500018'),
(7005019,7005,'SubDetailValue700500019'),
(7005020,7005,'SubDetailValue700500020'),
(7005021,7005,'SubDetailValue700500021'),
(7005022,7005,'SubDetailValue700500022'),
(7005023,7005,'SubDetailValue700500023'),
(7005024,7005,'SubDetailValue700500024'),
(7005025,7005,'SubDetailValue700500025'),
(7005026,7005,'SubDetailValue700500026'),
(7005027,7005,'SubDetailValue700500027'),
(7005028,7005,'SubDetailValue700500028'),
(7005029,7005,'SubDetailValue700500029'),
(7005030,7005,'SubDetailValue700500030'),
(7005031,7005,'SubDetailValue700500031'),
(7005032,7005,'SubDetailValue700500032'),
(7005033,7005,'SubDetailValue700500033'),
(7005034,7005,'SubDetailValue700500034'),
(7005035,7005,'SubDetailValue700500035'),
(7005036,7005,'SubDetailValue700500036'),
(7005037,7005,'SubDetailValue700500037'),
(7005038,7005,'SubDetailValue700500038'),
(7005039,7005,'SubDetailValue700500039'),
(7005040,7005,'SubDetailValue700500040'),
(7005041,7005,'SubDetailValue700500041'),
(7005042,7005,'SubDetailValue700500042'),
(7005043,7005,'SubDetailValue700500043'),
(7005044,7005,'SubDetailValue700500044'),
(7005045,7005,'SubDetailValue700500045'),
(7005046,7005,'SubDetailValue700500046'),
(7005047,7005,'SubDetailValue700500047'),
(7005048,7005,'SubDetailValue700500048'),
(7005049,7005,'SubDetailValue700500049'),
(7005050,7005,'SubDetailValue700500050'),
(7005051,7005,'SubDetailValue700500051'),
(7005052,7005,'SubDetailValue700500052'),
(7005053,7005,'SubDetailValue700500053'),
(7005054,7005,'SubDetailValue700500054'),
(7005055,7005,'SubDetailValue700500055'),
(7005056,7005,'SubDetailValue700500056'),
(7005057,7005,'SubDetailValue700500057'),
(7005058,7005,'SubDetailValue700500058'),
(7005059,7005,'SubDetailValue700500059'),
(7005060,7005,'SubDetailValue700500060'),
(7005061,7005,'SubDetailValue700500061'),
(7005062,7005,'SubDetailValue700500062'),
(7005063,7005,'SubDetailValue700500063'),
(7005064,7005,'SubDetailValue700500064'),
(7005065,7005,'SubDetailValue700500065'),
(7005066,7005,'SubDetailValue700500066'),
(7005067,7005,'SubDetailValue700500067'),
(7005068,7005,'SubDetailValue700500068'),
(7005069,7005,'SubDetailValue700500069'),
(7005070,7005,'SubDetailValue700500070'),
(7006001,7006,'SubDetailValue70060001'),
(7006002,7006,'SubDetailValue70060002'),
(7006003,7006,'SubDetailValue70060003'),
(7006004,7006,'SubDetailValue70060004'),
(7006005,7006,'SubDetailValue70060005'),
(7006006,7006,'SubDetailValue70060006'),
(7006007,7006,'SubDetailValue70060007'),
(7006008,7006,'SubDetailValue70060008'),
(7006009,7006,'SubDetailValue70060009'),
(7006010,7006,'SubDetailValue700600010'),
(7006011,7006,'SubDetailValue700600011'),
(7006012,7006,'SubDetailValue700600012'),
(7006013,7006,'SubDetailValue700600013'),
(7006014,7006,'SubDetailValue700600014'),
(7006015,7006,'SubDetailValue700600015'),
(7006016,7006,'SubDetailValue700600016'),
(7006017,7006,'SubDetailValue700600017'),
(7006018,7006,'SubDetailValue700600018'),
(7006019,7006,'SubDetailValue700600019'),
(7006020,7006,'SubDetailValue700600020'),
(7006021,7006,'SubDetailValue700600021'),
(7006022,7006,'SubDetailValue700600022'),
(7006023,7006,'SubDetailValue700600023'),
(7006024,7006,'SubDetailValue700600024'),
(7006025,7006,'SubDetailValue700600025'),
(7006026,7006,'SubDetailValue700600026'),
(7006027,7006,'SubDetailValue700600027'),
(7006028,7006,'SubDetailValue700600028'),
(7006029,7006,'SubDetailValue700600029'),
(7006030,7006,'SubDetailValue700600030'),
(7006031,7006,'SubDetailValue700600031'),
(7006032,7006,'SubDetailValue700600032'),
(7006033,7006,'SubDetailValue700600033'),
(7006034,7006,'SubDetailValue700600034'),
(7006035,7006,'SubDetailValue700600035'),
(7006036,7006,'SubDetailValue700600036'),
(7006037,7006,'SubDetailValue700600037'),
(7006038,7006,'SubDetailValue700600038'),
(7006039,7006,'SubDetailValue700600039'),
(7006040,7006,'SubDetailValue700600040'),
(7006041,7006,'SubDetailValue700600041'),
(7006042,7006,'SubDetailValue700600042'),
(7006043,7006,'SubDetailValue700600043'),
(7006044,7006,'SubDetailValue700600044'),
(7006045,7006,'SubDetailValue700600045'),
(7006046,7006,'SubDetailValue700600046'),
(7006047,7006,'SubDetailValue700600047'),
(7006048,7006,'SubDetailValue700600048'),
(7006049,7006,'SubDetailValue700600049'),
(7006050,7006,'SubDetailValue700600050'),
(7006051,7006,'SubDetailValue700600051'),
(7006052,7006,'SubDetailValue700600052'),
(7006053,7006,'SubDetailValue700600053'),
(7006054,7006,'SubDetailValue700600054'),
(7006055,7006,'SubDetailValue700600055'),
(7006056,7006,'SubDetailValue700600056'),
(7006057,7006,'SubDetailValue700600057'),
(7006058,7006,'SubDetailValue700600058'),
(7006059,7006,'SubDetailValue700600059'),
(7006060,7006,'SubDetailValue700600060'),
(7006061,7006,'SubDetailValue700600061'),
(7006062,7006,'SubDetailValue700600062'),
(7006063,7006,'SubDetailValue700600063'),
(7006064,7006,'SubDetailValue700600064'),
(7006065,7006,'SubDetailValue700600065'),
(7006066,7006,'SubDetailValue700600066'),
(7006067,7006,'SubDetailValue700600067'),
(7006068,7006,'SubDetailValue700600068'),
(7006069,7006,'SubDetailValue700600069'),
(7006070,7006,'SubDetailValue700600070'),
(7007001,7007,'SubDetailValue70070001'),
(7007002,7007,'SubDetailValue70070002'),
(7007003,7007,'SubDetailValue70070003'),
(7007004,7007,'SubDetailValue70070004'),
(7007005,7007,'SubDetailValue70070005'),
(7007006,7007,'SubDetailValue70070006'),
(7007007,7007,'SubDetailValue70070007'),
(7007008,7007,'SubDetailValue70070008'),
(7007009,7007,'SubDetailValue70070009'),
(7007010,7007,'SubDetailValue700700010'),
(7007011,7007,'SubDetailValue700700011'),
(7007012,7007,'SubDetailValue700700012'),
(7007013,7007,'SubDetailValue700700013'),
(7007014,7007,'SubDetailValue700700014'),
(7007015,7007,'SubDetailValue700700015'),
(7007016,7007,'SubDetailValue700700016'),
(7007017,7007,'SubDetailValue700700017'),
(7007018,7007,'SubDetailValue700700018'),
(7007019,7007,'SubDetailValue700700019'),
(7007020,7007,'SubDetailValue700700020'),
(7007021,7007,'SubDetailValue700700021'),
(7007022,7007,'SubDetailValue700700022'),
(7007023,7007,'SubDetailValue700700023'),
(7007024,7007,'SubDetailValue700700024'),
(7007025,7007,'SubDetailValue700700025'),
(7007026,7007,'SubDetailValue700700026'),
(7007027,7007,'SubDetailValue700700027'),
(7007028,7007,'SubDetailValue700700028'),
(7007029,7007,'SubDetailValue700700029'),
(7007030,7007,'SubDetailValue700700030'),
(7007031,7007,'SubDetailValue700700031'),
(7007032,7007,'SubDetailValue700700032'),
(7007033,7007,'SubDetailValue700700033'),
(7007034,7007,'SubDetailValue700700034'),
(7007035,7007,'SubDetailValue700700035'),
(7007036,7007,'SubDetailValue700700036'),
(7007037,7007,'SubDetailValue700700037'),
(7007038,7007,'SubDetailValue700700038'),
(7007039,7007,'SubDetailValue700700039'),
(7007040,7007,'SubDetailValue700700040'),
(7007041,7007,'SubDetailValue700700041'),
(7007042,7007,'SubDetailValue700700042'),
(7007043,7007,'SubDetailValue700700043'),
(7007044,7007,'SubDetailValue700700044'),
(7007045,7007,'SubDetailValue700700045'),
(7007046,7007,'SubDetailValue700700046'),
(7007047,7007,'SubDetailValue700700047'),
(7007048,7007,'SubDetailValue700700048'),
(7007049,7007,'SubDetailValue700700049'),
(7007050,7007,'SubDetailValue700700050'),
(7007051,7007,'SubDetailValue700700051'),
(7007052,7007,'SubDetailValue700700052'),
(7007053,7007,'SubDetailValue700700053'),
(7007054,7007,'SubDetailValue700700054'),
(7007055,7007,'SubDetailValue700700055'),
(7007056,7007,'SubDetailValue700700056'),
(7007057,7007,'SubDetailValue700700057'),
(7007058,7007,'SubDetailValue700700058'),
(7007059,7007,'SubDetailValue700700059'),
(7007060,7007,'SubDetailValue700700060'),
(7007061,7007,'SubDetailValue700700061'),
(7007062,7007,'SubDetailValue700700062'),
(7007063,7007,'SubDetailValue700700063'),
(7007064,7007,'SubDetailValue700700064'),
(7007065,7007,'SubDetailValue700700065'),
(7007066,7007,'SubDetailValue700700066'),
(7007067,7007,'SubDetailValue700700067'),
(7007068,7007,'SubDetailValue700700068'),
(7007069,7007,'SubDetailValue700700069'),
(7007070,7007,'SubDetailValue700700070'),
(9001001,9001,'SubDetailValue90010001'),
(9001002,9001,'SubDetailValue90010002'),
(9001003,9001,'SubDetailValue90010003'),
(9001004,9001,'SubDetailValue90010004'),
(9001005,9001,'SubDetailValue90010005'),
(9001006,9001,'SubDetailValue90010006'),
(9001007,9001,'SubDetailValue90010007'),
(9001008,9001,'SubDetailValue90010008'),
(9001009,9001,'SubDetailValue90010009'),
(9001010,9001,'SubDetailValue900100010'),
(9001011,9001,'SubDetailValue900100011'),
(9001012,9001,'SubDetailValue900100012'),
(9001013,9001,'SubDetailValue900100013'),
(9001014,9001,'SubDetailValue900100014'),
(9001015,9001,'SubDetailValue900100015'),
(9001016,9001,'SubDetailValue900100016'),
(9001017,9001,'SubDetailValue900100017'),
(9001018,9001,'SubDetailValue900100018'),
(9001019,9001,'SubDetailValue900100019'),
(9001020,9001,'SubDetailValue900100020'),
(9001021,9001,'SubDetailValue900100021'),
(9001022,9001,'SubDetailValue900100022'),
(9001023,9001,'SubDetailValue900100023'),
(9001024,9001,'SubDetailValue900100024'),
(9001025,9001,'SubDetailValue900100025'),
(9001026,9001,'SubDetailValue900100026'),
(9001027,9001,'SubDetailValue900100027'),
(9001028,9001,'SubDetailValue900100028'),
(9001029,9001,'SubDetailValue900100029'),
(9001030,9001,'SubDetailValue900100030'),
(9001031,9001,'SubDetailValue900100031'),
(9001032,9001,'SubDetailValue900100032'),
(9001033,9001,'SubDetailValue900100033'),
(9001034,9001,'SubDetailValue900100034'),
(9001035,9001,'SubDetailValue900100035'),
(9001036,9001,'SubDetailValue900100036'),
(9001037,9001,'SubDetailValue900100037'),
(9001038,9001,'SubDetailValue900100038'),
(9001039,9001,'SubDetailValue900100039'),
(9001040,9001,'SubDetailValue900100040'),
(9001041,9001,'SubDetailValue900100041'),
(9001042,9001,'SubDetailValue900100042'),
(9001043,9001,'SubDetailValue900100043'),
(9001044,9001,'SubDetailValue900100044'),
(9001045,9001,'SubDetailValue900100045'),
(9001046,9001,'SubDetailValue900100046'),
(9001047,9001,'SubDetailValue900100047'),
(9001048,9001,'SubDetailValue900100048'),
(9001049,9001,'SubDetailValue900100049'),
(9001050,9001,'SubDetailValue900100050'),
(9001051,9001,'SubDetailValue900100051'),
(9001052,9001,'SubDetailValue900100052'),
(9001053,9001,'SubDetailValue900100053'),
(9001054,9001,'SubDetailValue900100054'),
(9001055,9001,'SubDetailValue900100055'),
(9001056,9001,'SubDetailValue900100056'),
(9001057,9001,'SubDetailValue900100057'),
(9001058,9001,'SubDetailValue900100058'),
(9001059,9001,'SubDetailValue900100059'),
(9001060,9001,'SubDetailValue900100060'),
(9001061,9001,'SubDetailValue900100061'),
(9001062,9001,'SubDetailValue900100062'),
(9001063,9001,'SubDetailValue900100063'),
(9001064,9001,'SubDetailValue900100064'),
(9001065,9001,'SubDetailValue900100065'),
(9001066,9001,'SubDetailValue900100066'),
(9001067,9001,'SubDetailValue900100067'),
(9001068,9001,'SubDetailValue900100068'),
(9001069,9001,'SubDetailValue900100069'),
(9001070,9001,'SubDetailValue900100070'),
(9001071,9001,'SubDetailValue900100071'),
(9001072,9001,'SubDetailValue900100072'),
(9001073,9001,'SubDetailValue900100073'),
(9001074,9001,'SubDetailValue900100074'),
(9001075,9001,'SubDetailValue900100075'),
(9001076,9001,'SubDetailValue900100076'),
(9001077,9001,'SubDetailValue900100077'),
(9001078,9001,'SubDetailValue900100078'),
(9001079,9001,'SubDetailValue900100079'),
(9001080,9001,'SubDetailValue900100080'),
(9001081,9001,'SubDetailValue900100081'),
(9001082,9001,'SubDetailValue900100082'),
(9001083,9001,'SubDetailValue900100083'),
(9001084,9001,'SubDetailValue900100084'),
(9001085,9001,'SubDetailValue900100085'),
(9001086,9001,'SubDetailValue900100086'),
(9001087,9001,'SubDetailValue900100087'),
(9001088,9001,'SubDetailValue900100088'),
(9001089,9001,'SubDetailValue900100089'),
(9001090,9001,'SubDetailValue900100090'),
(9002001,9002,'SubDetailValue90020001'),
(9002002,9002,'SubDetailValue90020002'),
(9002003,9002,'SubDetailValue90020003'),
(9002004,9002,'SubDetailValue90020004'),
(9002005,9002,'SubDetailValue90020005'),
(9002006,9002,'SubDetailValue90020006'),
(9002007,9002,'SubDetailValue90020007'),
(9002008,9002,'SubDetailValue90020008'),
(9002009,9002,'SubDetailValue90020009'),
(9002010,9002,'SubDetailValue900200010'),
(9002011,9002,'SubDetailValue900200011'),
(9002012,9002,'SubDetailValue900200012'),
(9002013,9002,'SubDetailValue900200013'),
(9002014,9002,'SubDetailValue900200014'),
(9002015,9002,'SubDetailValue900200015'),
(9002016,9002,'SubDetailValue900200016'),
(9002017,9002,'SubDetailValue900200017'),
(9002018,9002,'SubDetailValue900200018'),
(9002019,9002,'SubDetailValue900200019'),
(9002020,9002,'SubDetailValue900200020'),
(9002021,9002,'SubDetailValue900200021'),
(9002022,9002,'SubDetailValue900200022'),
(9002023,9002,'SubDetailValue900200023'),
(9002024,9002,'SubDetailValue900200024'),
(9002025,9002,'SubDetailValue900200025'),
(9002026,9002,'SubDetailValue900200026'),
(9002027,9002,'SubDetailValue900200027'),
(9002028,9002,'SubDetailValue900200028'),
(9002029,9002,'SubDetailValue900200029'),
(9002030,9002,'SubDetailValue900200030'),
(9002031,9002,'SubDetailValue900200031'),
(9002032,9002,'SubDetailValue900200032'),
(9002033,9002,'SubDetailValue900200033'),
(9002034,9002,'SubDetailValue900200034'),
(9002035,9002,'SubDetailValue900200035'),
(9002036,9002,'SubDetailValue900200036'),
(9002037,9002,'SubDetailValue900200037'),
(9002038,9002,'SubDetailValue900200038'),
(9002039,9002,'SubDetailValue900200039'),
(9002040,9002,'SubDetailValue900200040'),
(9002041,9002,'SubDetailValue900200041'),
(9002042,9002,'SubDetailValue900200042'),
(9002043,9002,'SubDetailValue900200043'),
(9002044,9002,'SubDetailValue900200044'),
(9002045,9002,'SubDetailValue900200045'),
(9002046,9002,'SubDetailValue900200046'),
(9002047,9002,'SubDetailValue900200047'),
(9002048,9002,'SubDetailValue900200048'),
(9002049,9002,'SubDetailValue900200049'),
(9002050,9002,'SubDetailValue900200050'),
(9002051,9002,'SubDetailValue900200051'),
(9002052,9002,'SubDetailValue900200052'),
(9002053,9002,'SubDetailValue900200053'),
(9002054,9002,'SubDetailValue900200054'),
(9002055,9002,'SubDetailValue900200055'),
(9002056,9002,'SubDetailValue900200056'),
(9002057,9002,'SubDetailValue900200057'),
(9002058,9002,'SubDetailValue900200058'),
(9002059,9002,'SubDetailValue900200059'),
(9002060,9002,'SubDetailValue900200060'),
(9002061,9002,'SubDetailValue900200061'),
(9002062,9002,'SubDetailValue900200062'),
(9002063,9002,'SubDetailValue900200063'),
(9002064,9002,'SubDetailValue900200064'),
(9002065,9002,'SubDetailValue900200065'),
(9002066,9002,'SubDetailValue900200066'),
(9002067,9002,'SubDetailValue900200067'),
(9002068,9002,'SubDetailValue900200068'),
(9002069,9002,'SubDetailValue900200069'),
(9002070,9002,'SubDetailValue900200070')

BeforeExecute
-- ClickHouse.Client ClickHouse

INSERT INTO SubDetailClass
(
	SubDetailId,
	DetailId,
	SubDetailValue
)
VALUES
(9002071,9002,'SubDetailValue900200071'),
(9002072,9002,'SubDetailValue900200072'),
(9002073,9002,'SubDetailValue900200073'),
(9002074,9002,'SubDetailValue900200074'),
(9002075,9002,'SubDetailValue900200075'),
(9002076,9002,'SubDetailValue900200076'),
(9002077,9002,'SubDetailValue900200077'),
(9002078,9002,'SubDetailValue900200078'),
(9002079,9002,'SubDetailValue900200079'),
(9002080,9002,'SubDetailValue900200080'),
(9002081,9002,'SubDetailValue900200081'),
(9002082,9002,'SubDetailValue900200082'),
(9002083,9002,'SubDetailValue900200083'),
(9002084,9002,'SubDetailValue900200084'),
(9002085,9002,'SubDetailValue900200085'),
(9002086,9002,'SubDetailValue900200086'),
(9002087,9002,'SubDetailValue900200087'),
(9002088,9002,'SubDetailValue900200088'),
(9002089,9002,'SubDetailValue900200089'),
(9002090,9002,'SubDetailValue900200090'),
(9003001,9003,'SubDetailValue90030001'),
(9003002,9003,'SubDetailValue90030002'),
(9003003,9003,'SubDetailValue90030003'),
(9003004,9003,'SubDetailValue90030004'),
(9003005,9003,'SubDetailValue90030005'),
(9003006,9003,'SubDetailValue90030006'),
(9003007,9003,'SubDetailValue90030007'),
(9003008,9003,'SubDetailValue90030008'),
(9003009,9003,'SubDetailValue90030009'),
(9003010,9003,'SubDetailValue900300010'),
(9003011,9003,'SubDetailValue900300011'),
(9003012,9003,'SubDetailValue900300012'),
(9003013,9003,'SubDetailValue900300013'),
(9003014,9003,'SubDetailValue900300014'),
(9003015,9003,'SubDetailValue900300015'),
(9003016,9003,'SubDetailValue900300016'),
(9003017,9003,'SubDetailValue900300017'),
(9003018,9003,'SubDetailValue900300018'),
(9003019,9003,'SubDetailValue900300019'),
(9003020,9003,'SubDetailValue900300020'),
(9003021,9003,'SubDetailValue900300021'),
(9003022,9003,'SubDetailValue900300022'),
(9003023,9003,'SubDetailValue900300023'),
(9003024,9003,'SubDetailValue900300024'),
(9003025,9003,'SubDetailValue900300025'),
(9003026,9003,'SubDetailValue900300026'),
(9003027,9003,'SubDetailValue900300027'),
(9003028,9003,'SubDetailValue900300028'),
(9003029,9003,'SubDetailValue900300029'),
(9003030,9003,'SubDetailValue900300030'),
(9003031,9003,'SubDetailValue900300031'),
(9003032,9003,'SubDetailValue900300032'),
(9003033,9003,'SubDetailValue900300033'),
(9003034,9003,'SubDetailValue900300034'),
(9003035,9003,'SubDetailValue900300035'),
(9003036,9003,'SubDetailValue900300036'),
(9003037,9003,'SubDetailValue900300037'),
(9003038,9003,'SubDetailValue900300038'),
(9003039,9003,'SubDetailValue900300039'),
(9003040,9003,'SubDetailValue900300040'),
(9003041,9003,'SubDetailValue900300041'),
(9003042,9003,'SubDetailValue900300042'),
(9003043,9003,'SubDetailValue900300043'),
(9003044,9003,'SubDetailValue900300044'),
(9003045,9003,'SubDetailValue900300045'),
(9003046,9003,'SubDetailValue900300046'),
(9003047,9003,'SubDetailValue900300047'),
(9003048,9003,'SubDetailValue900300048'),
(9003049,9003,'SubDetailValue900300049'),
(9003050,9003,'SubDetailValue900300050'),
(9003051,9003,'SubDetailValue900300051'),
(9003052,9003,'SubDetailValue900300052'),
(9003053,9003,'SubDetailValue900300053'),
(9003054,9003,'SubDetailValue900300054'),
(9003055,9003,'SubDetailValue900300055'),
(9003056,9003,'SubDetailValue900300056'),
(9003057,9003,'SubDetailValue900300057'),
(9003058,9003,'SubDetailValue900300058'),
(9003059,9003,'SubDetailValue900300059'),
(9003060,9003,'SubDetailValue900300060'),
(9003061,9003,'SubDetailValue900300061'),
(9003062,9003,'SubDetailValue900300062'),
(9003063,9003,'SubDetailValue900300063'),
(9003064,9003,'SubDetailValue900300064'),
(9003065,9003,'SubDetailValue900300065'),
(9003066,9003,'SubDetailValue900300066'),
(9003067,9003,'SubDetailValue900300067'),
(9003068,9003,'SubDetailValue900300068'),
(9003069,9003,'SubDetailValue900300069'),
(9003070,9003,'SubDetailValue900300070'),
(9003071,9003,'SubDetailValue900300071'),
(9003072,9003,'SubDetailValue900300072'),
(9003073,9003,'SubDetailValue900300073'),
(9003074,9003,'SubDetailValue900300074'),
(9003075,9003,'SubDetailValue900300075'),
(9003076,9003,'SubDetailValue900300076'),
(9003077,9003,'SubDetailValue900300077'),
(9003078,9003,'SubDetailValue900300078'),
(9003079,9003,'SubDetailValue900300079'),
(9003080,9003,'SubDetailValue900300080'),
(9003081,9003,'SubDetailValue900300081'),
(9003082,9003,'SubDetailValue900300082'),
(9003083,9003,'SubDetailValue900300083'),
(9003084,9003,'SubDetailValue900300084'),
(9003085,9003,'SubDetailValue900300085'),
(9003086,9003,'SubDetailValue900300086'),
(9003087,9003,'SubDetailValue900300087'),
(9003088,9003,'SubDetailValue900300088'),
(9003089,9003,'SubDetailValue900300089'),
(9003090,9003,'SubDetailValue900300090'),
(9004001,9004,'SubDetailValue90040001'),
(9004002,9004,'SubDetailValue90040002'),
(9004003,9004,'SubDetailValue90040003'),
(9004004,9004,'SubDetailValue90040004'),
(9004005,9004,'SubDetailValue90040005'),
(9004006,9004,'SubDetailValue90040006'),
(9004007,9004,'SubDetailValue90040007'),
(9004008,9004,'SubDetailValue90040008'),
(9004009,9004,'SubDetailValue90040009'),
(9004010,9004,'SubDetailValue900400010'),
(9004011,9004,'SubDetailValue900400011'),
(9004012,9004,'SubDetailValue900400012'),
(9004013,9004,'SubDetailValue900400013'),
(9004014,9004,'SubDetailValue900400014'),
(9004015,9004,'SubDetailValue900400015'),
(9004016,9004,'SubDetailValue900400016'),
(9004017,9004,'SubDetailValue900400017'),
(9004018,9004,'SubDetailValue900400018'),
(9004019,9004,'SubDetailValue900400019'),
(9004020,9004,'SubDetailValue900400020'),
(9004021,9004,'SubDetailValue900400021'),
(9004022,9004,'SubDetailValue900400022'),
(9004023,9004,'SubDetailValue900400023'),
(9004024,9004,'SubDetailValue900400024'),
(9004025,9004,'SubDetailValue900400025'),
(9004026,9004,'SubDetailValue900400026'),
(9004027,9004,'SubDetailValue900400027'),
(9004028,9004,'SubDetailValue900400028'),
(9004029,9004,'SubDetailValue900400029'),
(9004030,9004,'SubDetailValue900400030'),
(9004031,9004,'SubDetailValue900400031'),
(9004032,9004,'SubDetailValue900400032'),
(9004033,9004,'SubDetailValue900400033'),
(9004034,9004,'SubDetailValue900400034'),
(9004035,9004,'SubDetailValue900400035'),
(9004036,9004,'SubDetailValue900400036'),
(9004037,9004,'SubDetailValue900400037'),
(9004038,9004,'SubDetailValue900400038'),
(9004039,9004,'SubDetailValue900400039'),
(9004040,9004,'SubDetailValue900400040'),
(9004041,9004,'SubDetailValue900400041'),
(9004042,9004,'SubDetailValue900400042'),
(9004043,9004,'SubDetailValue900400043'),
(9004044,9004,'SubDetailValue900400044'),
(9004045,9004,'SubDetailValue900400045'),
(9004046,9004,'SubDetailValue900400046'),
(9004047,9004,'SubDetailValue900400047'),
(9004048,9004,'SubDetailValue900400048'),
(9004049,9004,'SubDetailValue900400049'),
(9004050,9004,'SubDetailValue900400050'),
(9004051,9004,'SubDetailValue900400051'),
(9004052,9004,'SubDetailValue900400052'),
(9004053,9004,'SubDetailValue900400053'),
(9004054,9004,'SubDetailValue900400054'),
(9004055,9004,'SubDetailValue900400055'),
(9004056,9004,'SubDetailValue900400056'),
(9004057,9004,'SubDetailValue900400057'),
(9004058,9004,'SubDetailValue900400058'),
(9004059,9004,'SubDetailValue900400059'),
(9004060,9004,'SubDetailValue900400060'),
(9004061,9004,'SubDetailValue900400061'),
(9004062,9004,'SubDetailValue900400062'),
(9004063,9004,'SubDetailValue900400063'),
(9004064,9004,'SubDetailValue900400064'),
(9004065,9004,'SubDetailValue900400065'),
(9004066,9004,'SubDetailValue900400066'),
(9004067,9004,'SubDetailValue900400067'),
(9004068,9004,'SubDetailValue900400068'),
(9004069,9004,'SubDetailValue900400069'),
(9004070,9004,'SubDetailValue900400070'),
(9004071,9004,'SubDetailValue900400071'),
(9004072,9004,'SubDetailValue900400072'),
(9004073,9004,'SubDetailValue900400073'),
(9004074,9004,'SubDetailValue900400074'),
(9004075,9004,'SubDetailValue900400075'),
(9004076,9004,'SubDetailValue900400076'),
(9004077,9004,'SubDetailValue900400077'),
(9004078,9004,'SubDetailValue900400078'),
(9004079,9004,'SubDetailValue900400079'),
(9004080,9004,'SubDetailValue900400080'),
(9004081,9004,'SubDetailValue900400081'),
(9004082,9004,'SubDetailValue900400082'),
(9004083,9004,'SubDetailValue900400083'),
(9004084,9004,'SubDetailValue900400084'),
(9004085,9004,'SubDetailValue900400085'),
(9004086,9004,'SubDetailValue900400086'),
(9004087,9004,'SubDetailValue900400087'),
(9004088,9004,'SubDetailValue900400088'),
(9004089,9004,'SubDetailValue900400089'),
(9004090,9004,'SubDetailValue900400090'),
(9005001,9005,'SubDetailValue90050001'),
(9005002,9005,'SubDetailValue90050002'),
(9005003,9005,'SubDetailValue90050003'),
(9005004,9005,'SubDetailValue90050004'),
(9005005,9005,'SubDetailValue90050005'),
(9005006,9005,'SubDetailValue90050006'),
(9005007,9005,'SubDetailValue90050007'),
(9005008,9005,'SubDetailValue90050008'),
(9005009,9005,'SubDetailValue90050009'),
(9005010,9005,'SubDetailValue900500010'),
(9005011,9005,'SubDetailValue900500011'),
(9005012,9005,'SubDetailValue900500012'),
(9005013,9005,'SubDetailValue900500013'),
(9005014,9005,'SubDetailValue900500014'),
(9005015,9005,'SubDetailValue900500015'),
(9005016,9005,'SubDetailValue900500016'),
(9005017,9005,'SubDetailValue900500017'),
(9005018,9005,'SubDetailValue900500018'),
(9005019,9005,'SubDetailValue900500019'),
(9005020,9005,'SubDetailValue900500020'),
(9005021,9005,'SubDetailValue900500021'),
(9005022,9005,'SubDetailValue900500022'),
(9005023,9005,'SubDetailValue900500023'),
(9005024,9005,'SubDetailValue900500024'),
(9005025,9005,'SubDetailValue900500025'),
(9005026,9005,'SubDetailValue900500026'),
(9005027,9005,'SubDetailValue900500027'),
(9005028,9005,'SubDetailValue900500028'),
(9005029,9005,'SubDetailValue900500029'),
(9005030,9005,'SubDetailValue900500030'),
(9005031,9005,'SubDetailValue900500031'),
(9005032,9005,'SubDetailValue900500032'),
(9005033,9005,'SubDetailValue900500033'),
(9005034,9005,'SubDetailValue900500034'),
(9005035,9005,'SubDetailValue900500035'),
(9005036,9005,'SubDetailValue900500036'),
(9005037,9005,'SubDetailValue900500037'),
(9005038,9005,'SubDetailValue900500038'),
(9005039,9005,'SubDetailValue900500039'),
(9005040,9005,'SubDetailValue900500040'),
(9005041,9005,'SubDetailValue900500041'),
(9005042,9005,'SubDetailValue900500042'),
(9005043,9005,'SubDetailValue900500043'),
(9005044,9005,'SubDetailValue900500044'),
(9005045,9005,'SubDetailValue900500045'),
(9005046,9005,'SubDetailValue900500046'),
(9005047,9005,'SubDetailValue900500047'),
(9005048,9005,'SubDetailValue900500048'),
(9005049,9005,'SubDetailValue900500049'),
(9005050,9005,'SubDetailValue900500050'),
(9005051,9005,'SubDetailValue900500051'),
(9005052,9005,'SubDetailValue900500052'),
(9005053,9005,'SubDetailValue900500053'),
(9005054,9005,'SubDetailValue900500054'),
(9005055,9005,'SubDetailValue900500055'),
(9005056,9005,'SubDetailValue900500056'),
(9005057,9005,'SubDetailValue900500057'),
(9005058,9005,'SubDetailValue900500058'),
(9005059,9005,'SubDetailValue900500059'),
(9005060,9005,'SubDetailValue900500060'),
(9005061,9005,'SubDetailValue900500061'),
(9005062,9005,'SubDetailValue900500062'),
(9005063,9005,'SubDetailValue900500063'),
(9005064,9005,'SubDetailValue900500064'),
(9005065,9005,'SubDetailValue900500065'),
(9005066,9005,'SubDetailValue900500066'),
(9005067,9005,'SubDetailValue900500067'),
(9005068,9005,'SubDetailValue900500068'),
(9005069,9005,'SubDetailValue900500069'),
(9005070,9005,'SubDetailValue900500070'),
(9005071,9005,'SubDetailValue900500071'),
(9005072,9005,'SubDetailValue900500072'),
(9005073,9005,'SubDetailValue900500073'),
(9005074,9005,'SubDetailValue900500074'),
(9005075,9005,'SubDetailValue900500075'),
(9005076,9005,'SubDetailValue900500076'),
(9005077,9005,'SubDetailValue900500077'),
(9005078,9005,'SubDetailValue900500078'),
(9005079,9005,'SubDetailValue900500079'),
(9005080,9005,'SubDetailValue900500080'),
(9005081,9005,'SubDetailValue900500081'),
(9005082,9005,'SubDetailValue900500082'),
(9005083,9005,'SubDetailValue900500083'),
(9005084,9005,'SubDetailValue900500084'),
(9005085,9005,'SubDetailValue900500085'),
(9005086,9005,'SubDetailValue900500086'),
(9005087,9005,'SubDetailValue900500087'),
(9005088,9005,'SubDetailValue900500088'),
(9005089,9005,'SubDetailValue900500089'),
(9005090,9005,'SubDetailValue900500090'),
(9006001,9006,'SubDetailValue90060001'),
(9006002,9006,'SubDetailValue90060002'),
(9006003,9006,'SubDetailValue90060003'),
(9006004,9006,'SubDetailValue90060004'),
(9006005,9006,'SubDetailValue90060005'),
(9006006,9006,'SubDetailValue90060006'),
(9006007,9006,'SubDetailValue90060007'),
(9006008,9006,'SubDetailValue90060008'),
(9006009,9006,'SubDetailValue90060009'),
(9006010,9006,'SubDetailValue900600010'),
(9006011,9006,'SubDetailValue900600011'),
(9006012,9006,'SubDetailValue900600012'),
(9006013,9006,'SubDetailValue900600013'),
(9006014,9006,'SubDetailValue900600014'),
(9006015,9006,'SubDetailValue900600015'),
(9006016,9006,'SubDetailValue900600016'),
(9006017,9006,'SubDetailValue900600017'),
(9006018,9006,'SubDetailValue900600018'),
(9006019,9006,'SubDetailValue900600019'),
(9006020,9006,'SubDetailValue900600020'),
(9006021,9006,'SubDetailValue900600021'),
(9006022,9006,'SubDetailValue900600022'),
(9006023,9006,'SubDetailValue900600023'),
(9006024,9006,'SubDetailValue900600024'),
(9006025,9006,'SubDetailValue900600025'),
(9006026,9006,'SubDetailValue900600026'),
(9006027,9006,'SubDetailValue900600027'),
(9006028,9006,'SubDetailValue900600028'),
(9006029,9006,'SubDetailValue900600029'),
(9006030,9006,'SubDetailValue900600030'),
(9006031,9006,'SubDetailValue900600031'),
(9006032,9006,'SubDetailValue900600032'),
(9006033,9006,'SubDetailValue900600033'),
(9006034,9006,'SubDetailValue900600034'),
(9006035,9006,'SubDetailValue900600035'),
(9006036,9006,'SubDetailValue900600036'),
(9006037,9006,'SubDetailValue900600037'),
(9006038,9006,'SubDetailValue900600038'),
(9006039,9006,'SubDetailValue900600039'),
(9006040,9006,'SubDetailValue900600040'),
(9006041,9006,'SubDetailValue900600041'),
(9006042,9006,'SubDetailValue900600042'),
(9006043,9006,'SubDetailValue900600043'),
(9006044,9006,'SubDetailValue900600044'),
(9006045,9006,'SubDetailValue900600045'),
(9006046,9006,'SubDetailValue900600046'),
(9006047,9006,'SubDetailValue900600047'),
(9006048,9006,'SubDetailValue900600048'),
(9006049,9006,'SubDetailValue900600049'),
(9006050,9006,'SubDetailValue900600050'),
(9006051,9006,'SubDetailValue900600051'),
(9006052,9006,'SubDetailValue900600052'),
(9006053,9006,'SubDetailValue900600053'),
(9006054,9006,'SubDetailValue900600054'),
(9006055,9006,'SubDetailValue900600055'),
(9006056,9006,'SubDetailValue900600056'),
(9006057,9006,'SubDetailValue900600057'),
(9006058,9006,'SubDetailValue900600058'),
(9006059,9006,'SubDetailValue900600059'),
(9006060,9006,'SubDetailValue900600060'),
(9006061,9006,'SubDetailValue900600061'),
(9006062,9006,'SubDetailValue900600062'),
(9006063,9006,'SubDetailValue900600063'),
(9006064,9006,'SubDetailValue900600064'),
(9006065,9006,'SubDetailValue900600065'),
(9006066,9006,'SubDetailValue900600066'),
(9006067,9006,'SubDetailValue900600067'),
(9006068,9006,'SubDetailValue900600068'),
(9006069,9006,'SubDetailValue900600069'),
(9006070,9006,'SubDetailValue900600070'),
(9006071,9006,'SubDetailValue900600071'),
(9006072,9006,'SubDetailValue900600072'),
(9006073,9006,'SubDetailValue900600073'),
(9006074,9006,'SubDetailValue900600074'),
(9006075,9006,'SubDetailValue900600075'),
(9006076,9006,'SubDetailValue900600076'),
(9006077,9006,'SubDetailValue900600077'),
(9006078,9006,'SubDetailValue900600078'),
(9006079,9006,'SubDetailValue900600079'),
(9006080,9006,'SubDetailValue900600080'),
(9006081,9006,'SubDetailValue900600081'),
(9006082,9006,'SubDetailValue900600082'),
(9006083,9006,'SubDetailValue900600083'),
(9006084,9006,'SubDetailValue900600084'),
(9006085,9006,'SubDetailValue900600085'),
(9006086,9006,'SubDetailValue900600086'),
(9006087,9006,'SubDetailValue900600087'),
(9006088,9006,'SubDetailValue900600088'),
(9006089,9006,'SubDetailValue900600089'),
(9006090,9006,'SubDetailValue900600090'),
(9007001,9007,'SubDetailValue90070001'),
(9007002,9007,'SubDetailValue90070002'),
(9007003,9007,'SubDetailValue90070003'),
(9007004,9007,'SubDetailValue90070004'),
(9007005,9007,'SubDetailValue90070005'),
(9007006,9007,'SubDetailValue90070006'),
(9007007,9007,'SubDetailValue90070007'),
(9007008,9007,'SubDetailValue90070008'),
(9007009,9007,'SubDetailValue90070009'),
(9007010,9007,'SubDetailValue900700010'),
(9007011,9007,'SubDetailValue900700011'),
(9007012,9007,'SubDetailValue900700012'),
(9007013,9007,'SubDetailValue900700013'),
(9007014,9007,'SubDetailValue900700014'),
(9007015,9007,'SubDetailValue900700015'),
(9007016,9007,'SubDetailValue900700016'),
(9007017,9007,'SubDetailValue900700017'),
(9007018,9007,'SubDetailValue900700018'),
(9007019,9007,'SubDetailValue900700019'),
(9007020,9007,'SubDetailValue900700020'),
(9007021,9007,'SubDetailValue900700021'),
(9007022,9007,'SubDetailValue900700022'),
(9007023,9007,'SubDetailValue900700023'),
(9007024,9007,'SubDetailValue900700024'),
(9007025,9007,'SubDetailValue900700025'),
(9007026,9007,'SubDetailValue900700026'),
(9007027,9007,'SubDetailValue900700027'),
(9007028,9007,'SubDetailValue900700028'),
(9007029,9007,'SubDetailValue900700029'),
(9007030,9007,'SubDetailValue900700030'),
(9007031,9007,'SubDetailValue900700031'),
(9007032,9007,'SubDetailValue900700032'),
(9007033,9007,'SubDetailValue900700033'),
(9007034,9007,'SubDetailValue900700034'),
(9007035,9007,'SubDetailValue900700035'),
(9007036,9007,'SubDetailValue900700036'),
(9007037,9007,'SubDetailValue900700037'),
(9007038,9007,'SubDetailValue900700038'),
(9007039,9007,'SubDetailValue900700039'),
(9007040,9007,'SubDetailValue900700040'),
(9007041,9007,'SubDetailValue900700041'),
(9007042,9007,'SubDetailValue900700042'),
(9007043,9007,'SubDetailValue900700043'),
(9007044,9007,'SubDetailValue900700044'),
(9007045,9007,'SubDetailValue900700045'),
(9007046,9007,'SubDetailValue900700046'),
(9007047,9007,'SubDetailValue900700047'),
(9007048,9007,'SubDetailValue900700048'),
(9007049,9007,'SubDetailValue900700049'),
(9007050,9007,'SubDetailValue900700050'),
(9007051,9007,'SubDetailValue900700051'),
(9007052,9007,'SubDetailValue900700052'),
(9007053,9007,'SubDetailValue900700053'),
(9007054,9007,'SubDetailValue900700054'),
(9007055,9007,'SubDetailValue900700055'),
(9007056,9007,'SubDetailValue900700056'),
(9007057,9007,'SubDetailValue900700057'),
(9007058,9007,'SubDetailValue900700058'),
(9007059,9007,'SubDetailValue900700059'),
(9007060,9007,'SubDetailValue900700060'),
(9007061,9007,'SubDetailValue900700061'),
(9007062,9007,'SubDetailValue900700062'),
(9007063,9007,'SubDetailValue900700063'),
(9007064,9007,'SubDetailValue900700064'),
(9007065,9007,'SubDetailValue900700065'),
(9007066,9007,'SubDetailValue900700066'),
(9007067,9007,'SubDetailValue900700067'),
(9007068,9007,'SubDetailValue900700068'),
(9007069,9007,'SubDetailValue900700069'),
(9007070,9007,'SubDetailValue900700070'),
(9007071,9007,'SubDetailValue900700071'),
(9007072,9007,'SubDetailValue900700072'),
(9007073,9007,'SubDetailValue900700073'),
(9007074,9007,'SubDetailValue900700074'),
(9007075,9007,'SubDetailValue900700075'),
(9007076,9007,'SubDetailValue900700076'),
(9007077,9007,'SubDetailValue900700077'),
(9007078,9007,'SubDetailValue900700078'),
(9007079,9007,'SubDetailValue900700079'),
(9007080,9007,'SubDetailValue900700080'),
(9007081,9007,'SubDetailValue900700081'),
(9007082,9007,'SubDetailValue900700082'),
(9007083,9007,'SubDetailValue900700083'),
(9007084,9007,'SubDetailValue900700084'),
(9007085,9007,'SubDetailValue900700085'),
(9007086,9007,'SubDetailValue900700086'),
(9007087,9007,'SubDetailValue900700087'),
(9007088,9007,'SubDetailValue900700088'),
(9007089,9007,'SubDetailValue900700089'),
(9007090,9007,'SubDetailValue900700090'),
(9008001,9008,'SubDetailValue90080001'),
(9008002,9008,'SubDetailValue90080002'),
(9008003,9008,'SubDetailValue90080003'),
(9008004,9008,'SubDetailValue90080004'),
(9008005,9008,'SubDetailValue90080005'),
(9008006,9008,'SubDetailValue90080006'),
(9008007,9008,'SubDetailValue90080007'),
(9008008,9008,'SubDetailValue90080008'),
(9008009,9008,'SubDetailValue90080009'),
(9008010,9008,'SubDetailValue900800010'),
(9008011,9008,'SubDetailValue900800011'),
(9008012,9008,'SubDetailValue900800012'),
(9008013,9008,'SubDetailValue900800013'),
(9008014,9008,'SubDetailValue900800014'),
(9008015,9008,'SubDetailValue900800015'),
(9008016,9008,'SubDetailValue900800016'),
(9008017,9008,'SubDetailValue900800017'),
(9008018,9008,'SubDetailValue900800018'),
(9008019,9008,'SubDetailValue900800019'),
(9008020,9008,'SubDetailValue900800020'),
(9008021,9008,'SubDetailValue900800021'),
(9008022,9008,'SubDetailValue900800022'),
(9008023,9008,'SubDetailValue900800023'),
(9008024,9008,'SubDetailValue900800024'),
(9008025,9008,'SubDetailValue900800025'),
(9008026,9008,'SubDetailValue900800026'),
(9008027,9008,'SubDetailValue900800027'),
(9008028,9008,'SubDetailValue900800028'),
(9008029,9008,'SubDetailValue900800029'),
(9008030,9008,'SubDetailValue900800030'),
(9008031,9008,'SubDetailValue900800031'),
(9008032,9008,'SubDetailValue900800032'),
(9008033,9008,'SubDetailValue900800033'),
(9008034,9008,'SubDetailValue900800034'),
(9008035,9008,'SubDetailValue900800035'),
(9008036,9008,'SubDetailValue900800036'),
(9008037,9008,'SubDetailValue900800037'),
(9008038,9008,'SubDetailValue900800038'),
(9008039,9008,'SubDetailValue900800039'),
(9008040,9008,'SubDetailValue900800040'),
(9008041,9008,'SubDetailValue900800041'),
(9008042,9008,'SubDetailValue900800042'),
(9008043,9008,'SubDetailValue900800043'),
(9008044,9008,'SubDetailValue900800044'),
(9008045,9008,'SubDetailValue900800045'),
(9008046,9008,'SubDetailValue900800046'),
(9008047,9008,'SubDetailValue900800047'),
(9008048,9008,'SubDetailValue900800048'),
(9008049,9008,'SubDetailValue900800049'),
(9008050,9008,'SubDetailValue900800050'),
(9008051,9008,'SubDetailValue900800051'),
(9008052,9008,'SubDetailValue900800052'),
(9008053,9008,'SubDetailValue900800053'),
(9008054,9008,'SubDetailValue900800054'),
(9008055,9008,'SubDetailValue900800055'),
(9008056,9008,'SubDetailValue900800056'),
(9008057,9008,'SubDetailValue900800057'),
(9008058,9008,'SubDetailValue900800058'),
(9008059,9008,'SubDetailValue900800059'),
(9008060,9008,'SubDetailValue900800060'),
(9008061,9008,'SubDetailValue900800061'),
(9008062,9008,'SubDetailValue900800062'),
(9008063,9008,'SubDetailValue900800063'),
(9008064,9008,'SubDetailValue900800064'),
(9008065,9008,'SubDetailValue900800065'),
(9008066,9008,'SubDetailValue900800066'),
(9008067,9008,'SubDetailValue900800067'),
(9008068,9008,'SubDetailValue900800068'),
(9008069,9008,'SubDetailValue900800069'),
(9008070,9008,'SubDetailValue900800070'),
(9008071,9008,'SubDetailValue900800071'),
(9008072,9008,'SubDetailValue900800072'),
(9008073,9008,'SubDetailValue900800073'),
(9008074,9008,'SubDetailValue900800074'),
(9008075,9008,'SubDetailValue900800075'),
(9008076,9008,'SubDetailValue900800076'),
(9008077,9008,'SubDetailValue900800077'),
(9008078,9008,'SubDetailValue900800078'),
(9008079,9008,'SubDetailValue900800079'),
(9008080,9008,'SubDetailValue900800080'),
(9008081,9008,'SubDetailValue900800081'),
(9008082,9008,'SubDetailValue900800082'),
(9008083,9008,'SubDetailValue900800083'),
(9008084,9008,'SubDetailValue900800084'),
(9008085,9008,'SubDetailValue900800085'),
(9008086,9008,'SubDetailValue900800086'),
(9008087,9008,'SubDetailValue900800087'),
(9008088,9008,'SubDetailValue900800088'),
(9008089,9008,'SubDetailValue900800089'),
(9008090,9008,'SubDetailValue900800090'),
(9009001,9009,'SubDetailValue90090001'),
(9009002,9009,'SubDetailValue90090002'),
(9009003,9009,'SubDetailValue90090003'),
(9009004,9009,'SubDetailValue90090004'),
(9009005,9009,'SubDetailValue90090005'),
(9009006,9009,'SubDetailValue90090006'),
(9009007,9009,'SubDetailValue90090007'),
(9009008,9009,'SubDetailValue90090008'),
(9009009,9009,'SubDetailValue90090009'),
(9009010,9009,'SubDetailValue900900010'),
(9009011,9009,'SubDetailValue900900011'),
(9009012,9009,'SubDetailValue900900012'),
(9009013,9009,'SubDetailValue900900013'),
(9009014,9009,'SubDetailValue900900014'),
(9009015,9009,'SubDetailValue900900015'),
(9009016,9009,'SubDetailValue900900016'),
(9009017,9009,'SubDetailValue900900017'),
(9009018,9009,'SubDetailValue900900018'),
(9009019,9009,'SubDetailValue900900019'),
(9009020,9009,'SubDetailValue900900020'),
(9009021,9009,'SubDetailValue900900021'),
(9009022,9009,'SubDetailValue900900022'),
(9009023,9009,'SubDetailValue900900023'),
(9009024,9009,'SubDetailValue900900024'),
(9009025,9009,'SubDetailValue900900025'),
(9009026,9009,'SubDetailValue900900026'),
(9009027,9009,'SubDetailValue900900027'),
(9009028,9009,'SubDetailValue900900028'),
(9009029,9009,'SubDetailValue900900029'),
(9009030,9009,'SubDetailValue900900030'),
(9009031,9009,'SubDetailValue900900031'),
(9009032,9009,'SubDetailValue900900032'),
(9009033,9009,'SubDetailValue900900033'),
(9009034,9009,'SubDetailValue900900034'),
(9009035,9009,'SubDetailValue900900035'),
(9009036,9009,'SubDetailValue900900036'),
(9009037,9009,'SubDetailValue900900037'),
(9009038,9009,'SubDetailValue900900038'),
(9009039,9009,'SubDetailValue900900039'),
(9009040,9009,'SubDetailValue900900040'),
(9009041,9009,'SubDetailValue900900041'),
(9009042,9009,'SubDetailValue900900042'),
(9009043,9009,'SubDetailValue900900043'),
(9009044,9009,'SubDetailValue900900044'),
(9009045,9009,'SubDetailValue900900045'),
(9009046,9009,'SubDetailValue900900046'),
(9009047,9009,'SubDetailValue900900047'),
(9009048,9009,'SubDetailValue900900048'),
(9009049,9009,'SubDetailValue900900049'),
(9009050,9009,'SubDetailValue900900050'),
(9009051,9009,'SubDetailValue900900051'),
(9009052,9009,'SubDetailValue900900052'),
(9009053,9009,'SubDetailValue900900053'),
(9009054,9009,'SubDetailValue900900054'),
(9009055,9009,'SubDetailValue900900055'),
(9009056,9009,'SubDetailValue900900056'),
(9009057,9009,'SubDetailValue900900057'),
(9009058,9009,'SubDetailValue900900058'),
(9009059,9009,'SubDetailValue900900059'),
(9009060,9009,'SubDetailValue900900060'),
(9009061,9009,'SubDetailValue900900061'),
(9009062,9009,'SubDetailValue900900062'),
(9009063,9009,'SubDetailValue900900063'),
(9009064,9009,'SubDetailValue900900064'),
(9009065,9009,'SubDetailValue900900065'),
(9009066,9009,'SubDetailValue900900066'),
(9009067,9009,'SubDetailValue900900067'),
(9009068,9009,'SubDetailValue900900068'),
(9009069,9009,'SubDetailValue900900069'),
(9009070,9009,'SubDetailValue900900070'),
(9009071,9009,'SubDetailValue900900071'),
(9009072,9009,'SubDetailValue900900072'),
(9009073,9009,'SubDetailValue900900073'),
(9009074,9009,'SubDetailValue900900074'),
(9009075,9009,'SubDetailValue900900075'),
(9009076,9009,'SubDetailValue900900076'),
(9009077,9009,'SubDetailValue900900077'),
(9009078,9009,'SubDetailValue900900078'),
(9009079,9009,'SubDetailValue900900079'),
(9009080,9009,'SubDetailValue900900080'),
(9009081,9009,'SubDetailValue900900081'),
(9009082,9009,'SubDetailValue900900082'),
(9009083,9009,'SubDetailValue900900083'),
(9009084,9009,'SubDetailValue900900084'),
(9009085,9009,'SubDetailValue900900085'),
(9009086,9009,'SubDetailValue900900086'),
(9009087,9009,'SubDetailValue900900087'),
(9009088,9009,'SubDetailValue900900088'),
(9009089,9009,'SubDetailValue900900089'),
(9009090,9009,'SubDetailValue900900090')

BeforeExecute
-- ClickHouse.Client ClickHouse

SELECT
	m_1.Id1,
	d.DetailId,
	d.MasterId,
	d.DetailValue
FROM
	(
		SELECT DISTINCT
			t2.Id1 as Id1
		FROM
			(
				SELECT
					t1.Id1 as Id1
				FROM
					MasterClass t1
				ORDER BY
					t1.Id2 DESC
				LIMIT 20
			) t2
	) m_1
		INNER JOIN DetailClass d ON m_1.Id1 = d.MasterId

BeforeExecute
-- ClickHouse.Client ClickHouse

SELECT
	m_1.Id1,
	d.Id1,
	d.Id2,
	d.Value,
	d.ByteValues
FROM
	(
		SELECT DISTINCT
			t2.Id1 as Id1
		FROM
			(
				SELECT
					t1.Id1 as Id1
				FROM
					MasterClass t1
				ORDER BY
					t1.Id2 DESC
				LIMIT 20
			) t2
	) m_1
		INNER JOIN MasterClass d ON m_1.Id1 = d.Id1

BeforeExecute
-- ClickHouse.Client ClickHouse

SELECT
	t1.Id1
FROM
	MasterClass t1
ORDER BY
	t1.Id2 DESC
LIMIT 20

BeforeExecute
-- ClickHouse.Client ClickHouse

DROP TABLE IF EXISTS SubDetailClass

BeforeExecute
-- ClickHouse.Client ClickHouse

DROP TABLE IF EXISTS DetailClass

BeforeExecute
-- ClickHouse.Client ClickHouse

DROP TABLE IF EXISTS MasterClass

