BeforeExecute
-- ClickHouse.Client ClickHouse

DROP TABLE IF EXISTS MasterClass

BeforeExecute
-- ClickHouse.Client ClickHouse

CREATE TABLE IF NOT EXISTS MasterClass
(
	Id1        Int32,
	Id2        Int32,
	Value      Nullable(String),
	ByteValues Nullable(String),

	 PRIMARY KEY (Id1, Id2)
)
ENGINE = MergeTree()
ORDER BY (Id1, Id2)

BeforeExecute
-- ClickHouse.Client ClickHouse

INSERT INTO MasterClass
(
	Id1,
	Id2,
	Value,
	ByteValues
)
VALUES
(toInt32(1),toInt32(1),'Str1',NULL),
(toInt32(2),toInt32(2),'Str2',NULL),
(toInt32(3),toInt32(3),'Str3',NULL),
(toInt32(4),toInt32(4),'Str4',NULL),
(toInt32(5),toInt32(5),'Str5',NULL),
(toInt32(6),toInt32(6),'Str6',NULL),
(toInt32(7),toInt32(7),'Str7',NULL),
(toInt32(8),toInt32(8),'Str8',NULL),
(toInt32(9),toInt32(9),'Str9',NULL),
(toInt32(10),toInt32(10),'Str10',NULL)

BeforeExecute
-- ClickHouse.Client ClickHouse

DROP TABLE IF EXISTS DetailClass

BeforeExecute
-- ClickHouse.Client ClickHouse

CREATE TABLE IF NOT EXISTS DetailClass
(
	DetailId    Int32,
	MasterId    Nullable(Int32),
	DetailValue Nullable(String),

	 PRIMARY KEY (DetailId)
)
ENGINE = MergeTree()
ORDER BY DetailId

BeforeExecute
-- ClickHouse.Client ClickHouse

INSERT INTO DetailClass
(
	DetailId,
	MasterId,
	DetailValue
)
VALUES
(toInt32(1001),toInt32(1),'DetailValue10001'),
(toInt32(3001),toInt32(3),'DetailValue30001'),
(toInt32(3002),toInt32(3),'DetailValue30002'),
(toInt32(3003),toInt32(3),'DetailValue30003'),
(toInt32(5001),toInt32(5),'DetailValue50001'),
(toInt32(5002),toInt32(5),'DetailValue50002'),
(toInt32(5003),toInt32(5),'DetailValue50003'),
(toInt32(5004),toInt32(5),'DetailValue50004'),
(toInt32(5005),toInt32(5),'DetailValue50005'),
(toInt32(7001),toInt32(7),'DetailValue70001'),
(toInt32(7002),toInt32(7),'DetailValue70002'),
(toInt32(7003),toInt32(7),'DetailValue70003'),
(toInt32(7004),toInt32(7),'DetailValue70004'),
(toInt32(7005),toInt32(7),'DetailValue70005'),
(toInt32(7006),toInt32(7),'DetailValue70006'),
(toInt32(7007),toInt32(7),'DetailValue70007'),
(toInt32(9001),toInt32(9),'DetailValue90001'),
(toInt32(9002),toInt32(9),'DetailValue90002'),
(toInt32(9003),toInt32(9),'DetailValue90003'),
(toInt32(9004),toInt32(9),'DetailValue90004'),
(toInt32(9005),toInt32(9),'DetailValue90005'),
(toInt32(9006),toInt32(9),'DetailValue90006'),
(toInt32(9007),toInt32(9),'DetailValue90007'),
(toInt32(9008),toInt32(9),'DetailValue90008'),
(toInt32(9009),toInt32(9),'DetailValue90009')

BeforeExecute
-- ClickHouse.Client ClickHouse

DROP TABLE IF EXISTS SubDetailClass

BeforeExecute
-- ClickHouse.Client ClickHouse

CREATE TABLE IF NOT EXISTS SubDetailClass
(
	SubDetailId    Int32,
	DetailId       Nullable(Int32),
	SubDetailValue Nullable(String),

	 PRIMARY KEY (SubDetailId)
)
ENGINE = MergeTree()
ORDER BY SubDetailId

BeforeExecute
-- ClickHouse.Client ClickHouse

INSERT INTO SubDetailClass
(
	SubDetailId,
	DetailId,
	SubDetailValue
)
VALUES
(toInt32(1001001),toInt32(1001),'SubDetailValue10010001'),
(toInt32(1001002),toInt32(1001),'SubDetailValue10010002'),
(toInt32(1001003),toInt32(1001),'SubDetailValue10010003'),
(toInt32(1001004),toInt32(1001),'SubDetailValue10010004'),
(toInt32(1001005),toInt32(1001),'SubDetailValue10010005'),
(toInt32(1001006),toInt32(1001),'SubDetailValue10010006'),
(toInt32(1001007),toInt32(1001),'SubDetailValue10010007'),
(toInt32(1001008),toInt32(1001),'SubDetailValue10010008'),
(toInt32(1001009),toInt32(1001),'SubDetailValue10010009'),
(toInt32(1001010),toInt32(1001),'SubDetailValue100100010'),
(toInt32(3001001),toInt32(3001),'SubDetailValue30010001'),
(toInt32(3001002),toInt32(3001),'SubDetailValue30010002'),
(toInt32(3001003),toInt32(3001),'SubDetailValue30010003'),
(toInt32(3001004),toInt32(3001),'SubDetailValue30010004'),
(toInt32(3001005),toInt32(3001),'SubDetailValue30010005'),
(toInt32(3001006),toInt32(3001),'SubDetailValue30010006'),
(toInt32(3001007),toInt32(3001),'SubDetailValue30010007'),
(toInt32(3001008),toInt32(3001),'SubDetailValue30010008'),
(toInt32(3001009),toInt32(3001),'SubDetailValue30010009'),
(toInt32(3001010),toInt32(3001),'SubDetailValue300100010'),
(toInt32(3001011),toInt32(3001),'SubDetailValue300100011'),
(toInt32(3001012),toInt32(3001),'SubDetailValue300100012'),
(toInt32(3001013),toInt32(3001),'SubDetailValue300100013'),
(toInt32(3001014),toInt32(3001),'SubDetailValue300100014'),
(toInt32(3001015),toInt32(3001),'SubDetailValue300100015'),
(toInt32(3001016),toInt32(3001),'SubDetailValue300100016'),
(toInt32(3001017),toInt32(3001),'SubDetailValue300100017'),
(toInt32(3001018),toInt32(3001),'SubDetailValue300100018'),
(toInt32(3001019),toInt32(3001),'SubDetailValue300100019'),
(toInt32(3001020),toInt32(3001),'SubDetailValue300100020'),
(toInt32(3001021),toInt32(3001),'SubDetailValue300100021'),
(toInt32(3001022),toInt32(3001),'SubDetailValue300100022'),
(toInt32(3001023),toInt32(3001),'SubDetailValue300100023'),
(toInt32(3001024),toInt32(3001),'SubDetailValue300100024'),
(toInt32(3001025),toInt32(3001),'SubDetailValue300100025'),
(toInt32(3001026),toInt32(3001),'SubDetailValue300100026'),
(toInt32(3001027),toInt32(3001),'SubDetailValue300100027'),
(toInt32(3001028),toInt32(3001),'SubDetailValue300100028'),
(toInt32(3001029),toInt32(3001),'SubDetailValue300100029'),
(toInt32(3001030),toInt32(3001),'SubDetailValue300100030'),
(toInt32(3002001),toInt32(3002),'SubDetailValue30020001'),
(toInt32(3002002),toInt32(3002),'SubDetailValue30020002'),
(toInt32(3002003),toInt32(3002),'SubDetailValue30020003'),
(toInt32(3002004),toInt32(3002),'SubDetailValue30020004'),
(toInt32(3002005),toInt32(3002),'SubDetailValue30020005'),
(toInt32(3002006),toInt32(3002),'SubDetailValue30020006'),
(toInt32(3002007),toInt32(3002),'SubDetailValue30020007'),
(toInt32(3002008),toInt32(3002),'SubDetailValue30020008'),
(toInt32(3002009),toInt32(3002),'SubDetailValue30020009'),
(toInt32(3002010),toInt32(3002),'SubDetailValue300200010'),
(toInt32(3002011),toInt32(3002),'SubDetailValue300200011'),
(toInt32(3002012),toInt32(3002),'SubDetailValue300200012'),
(toInt32(3002013),toInt32(3002),'SubDetailValue300200013'),
(toInt32(3002014),toInt32(3002),'SubDetailValue300200014'),
(toInt32(3002015),toInt32(3002),'SubDetailValue300200015'),
(toInt32(3002016),toInt32(3002),'SubDetailValue300200016'),
(toInt32(3002017),toInt32(3002),'SubDetailValue300200017'),
(toInt32(3002018),toInt32(3002),'SubDetailValue300200018'),
(toInt32(3002019),toInt32(3002),'SubDetailValue300200019'),
(toInt32(3002020),toInt32(3002),'SubDetailValue300200020'),
(toInt32(3002021),toInt32(3002),'SubDetailValue300200021'),
(toInt32(3002022),toInt32(3002),'SubDetailValue300200022'),
(toInt32(3002023),toInt32(3002),'SubDetailValue300200023'),
(toInt32(3002024),toInt32(3002),'SubDetailValue300200024'),
(toInt32(3002025),toInt32(3002),'SubDetailValue300200025'),
(toInt32(3002026),toInt32(3002),'SubDetailValue300200026'),
(toInt32(3002027),toInt32(3002),'SubDetailValue300200027'),
(toInt32(3002028),toInt32(3002),'SubDetailValue300200028'),
(toInt32(3002029),toInt32(3002),'SubDetailValue300200029'),
(toInt32(3002030),toInt32(3002),'SubDetailValue300200030'),
(toInt32(3003001),toInt32(3003),'SubDetailValue30030001'),
(toInt32(3003002),toInt32(3003),'SubDetailValue30030002'),
(toInt32(3003003),toInt32(3003),'SubDetailValue30030003'),
(toInt32(3003004),toInt32(3003),'SubDetailValue30030004'),
(toInt32(3003005),toInt32(3003),'SubDetailValue30030005'),
(toInt32(3003006),toInt32(3003),'SubDetailValue30030006'),
(toInt32(3003007),toInt32(3003),'SubDetailValue30030007'),
(toInt32(3003008),toInt32(3003),'SubDetailValue30030008'),
(toInt32(3003009),toInt32(3003),'SubDetailValue30030009'),
(toInt32(3003010),toInt32(3003),'SubDetailValue300300010'),
(toInt32(3003011),toInt32(3003),'SubDetailValue300300011'),
(toInt32(3003012),toInt32(3003),'SubDetailValue300300012'),
(toInt32(3003013),toInt32(3003),'SubDetailValue300300013'),
(toInt32(3003014),toInt32(3003),'SubDetailValue300300014'),
(toInt32(3003015),toInt32(3003),'SubDetailValue300300015'),
(toInt32(3003016),toInt32(3003),'SubDetailValue300300016'),
(toInt32(3003017),toInt32(3003),'SubDetailValue300300017'),
(toInt32(3003018),toInt32(3003),'SubDetailValue300300018'),
(toInt32(3003019),toInt32(3003),'SubDetailValue300300019'),
(toInt32(3003020),toInt32(3003),'SubDetailValue300300020'),
(toInt32(3003021),toInt32(3003),'SubDetailValue300300021'),
(toInt32(3003022),toInt32(3003),'SubDetailValue300300022'),
(toInt32(3003023),toInt32(3003),'SubDetailValue300300023'),
(toInt32(3003024),toInt32(3003),'SubDetailValue300300024'),
(toInt32(3003025),toInt32(3003),'SubDetailValue300300025'),
(toInt32(3003026),toInt32(3003),'SubDetailValue300300026'),
(toInt32(3003027),toInt32(3003),'SubDetailValue300300027'),
(toInt32(3003028),toInt32(3003),'SubDetailValue300300028'),
(toInt32(3003029),toInt32(3003),'SubDetailValue300300029'),
(toInt32(3003030),toInt32(3003),'SubDetailValue300300030'),
(toInt32(5001001),toInt32(5001),'SubDetailValue50010001'),
(toInt32(5001002),toInt32(5001),'SubDetailValue50010002'),
(toInt32(5001003),toInt32(5001),'SubDetailValue50010003'),
(toInt32(5001004),toInt32(5001),'SubDetailValue50010004'),
(toInt32(5001005),toInt32(5001),'SubDetailValue50010005'),
(toInt32(5001006),toInt32(5001),'SubDetailValue50010006'),
(toInt32(5001007),toInt32(5001),'SubDetailValue50010007'),
(toInt32(5001008),toInt32(5001),'SubDetailValue50010008'),
(toInt32(5001009),toInt32(5001),'SubDetailValue50010009'),
(toInt32(5001010),toInt32(5001),'SubDetailValue500100010'),
(toInt32(5001011),toInt32(5001),'SubDetailValue500100011'),
(toInt32(5001012),toInt32(5001),'SubDetailValue500100012'),
(toInt32(5001013),toInt32(5001),'SubDetailValue500100013'),
(toInt32(5001014),toInt32(5001),'SubDetailValue500100014'),
(toInt32(5001015),toInt32(5001),'SubDetailValue500100015'),
(toInt32(5001016),toInt32(5001),'SubDetailValue500100016'),
(toInt32(5001017),toInt32(5001),'SubDetailValue500100017'),
(toInt32(5001018),toInt32(5001),'SubDetailValue500100018'),
(toInt32(5001019),toInt32(5001),'SubDetailValue500100019'),
(toInt32(5001020),toInt32(5001),'SubDetailValue500100020'),
(toInt32(5001021),toInt32(5001),'SubDetailValue500100021'),
(toInt32(5001022),toInt32(5001),'SubDetailValue500100022'),
(toInt32(5001023),toInt32(5001),'SubDetailValue500100023'),
(toInt32(5001024),toInt32(5001),'SubDetailValue500100024'),
(toInt32(5001025),toInt32(5001),'SubDetailValue500100025'),
(toInt32(5001026),toInt32(5001),'SubDetailValue500100026'),
(toInt32(5001027),toInt32(5001),'SubDetailValue500100027'),
(toInt32(5001028),toInt32(5001),'SubDetailValue500100028'),
(toInt32(5001029),toInt32(5001),'SubDetailValue500100029'),
(toInt32(5001030),toInt32(5001),'SubDetailValue500100030'),
(toInt32(5001031),toInt32(5001),'SubDetailValue500100031'),
(toInt32(5001032),toInt32(5001),'SubDetailValue500100032'),
(toInt32(5001033),toInt32(5001),'SubDetailValue500100033'),
(toInt32(5001034),toInt32(5001),'SubDetailValue500100034'),
(toInt32(5001035),toInt32(5001),'SubDetailValue500100035'),
(toInt32(5001036),toInt32(5001),'SubDetailValue500100036'),
(toInt32(5001037),toInt32(5001),'SubDetailValue500100037'),
(toInt32(5001038),toInt32(5001),'SubDetailValue500100038'),
(toInt32(5001039),toInt32(5001),'SubDetailValue500100039'),
(toInt32(5001040),toInt32(5001),'SubDetailValue500100040'),
(toInt32(5001041),toInt32(5001),'SubDetailValue500100041'),
(toInt32(5001042),toInt32(5001),'SubDetailValue500100042'),
(toInt32(5001043),toInt32(5001),'SubDetailValue500100043'),
(toInt32(5001044),toInt32(5001),'SubDetailValue500100044'),
(toInt32(5001045),toInt32(5001),'SubDetailValue500100045'),
(toInt32(5001046),toInt32(5001),'SubDetailValue500100046'),
(toInt32(5001047),toInt32(5001),'SubDetailValue500100047'),
(toInt32(5001048),toInt32(5001),'SubDetailValue500100048'),
(toInt32(5001049),toInt32(5001),'SubDetailValue500100049'),
(toInt32(5001050),toInt32(5001),'SubDetailValue500100050'),
(toInt32(5002001),toInt32(5002),'SubDetailValue50020001'),
(toInt32(5002002),toInt32(5002),'SubDetailValue50020002'),
(toInt32(5002003),toInt32(5002),'SubDetailValue50020003'),
(toInt32(5002004),toInt32(5002),'SubDetailValue50020004'),
(toInt32(5002005),toInt32(5002),'SubDetailValue50020005'),
(toInt32(5002006),toInt32(5002),'SubDetailValue50020006'),
(toInt32(5002007),toInt32(5002),'SubDetailValue50020007'),
(toInt32(5002008),toInt32(5002),'SubDetailValue50020008'),
(toInt32(5002009),toInt32(5002),'SubDetailValue50020009'),
(toInt32(5002010),toInt32(5002),'SubDetailValue500200010'),
(toInt32(5002011),toInt32(5002),'SubDetailValue500200011'),
(toInt32(5002012),toInt32(5002),'SubDetailValue500200012'),
(toInt32(5002013),toInt32(5002),'SubDetailValue500200013'),
(toInt32(5002014),toInt32(5002),'SubDetailValue500200014'),
(toInt32(5002015),toInt32(5002),'SubDetailValue500200015'),
(toInt32(5002016),toInt32(5002),'SubDetailValue500200016'),
(toInt32(5002017),toInt32(5002),'SubDetailValue500200017'),
(toInt32(5002018),toInt32(5002),'SubDetailValue500200018'),
(toInt32(5002019),toInt32(5002),'SubDetailValue500200019'),
(toInt32(5002020),toInt32(5002),'SubDetailValue500200020'),
(toInt32(5002021),toInt32(5002),'SubDetailValue500200021'),
(toInt32(5002022),toInt32(5002),'SubDetailValue500200022'),
(toInt32(5002023),toInt32(5002),'SubDetailValue500200023'),
(toInt32(5002024),toInt32(5002),'SubDetailValue500200024'),
(toInt32(5002025),toInt32(5002),'SubDetailValue500200025'),
(toInt32(5002026),toInt32(5002),'SubDetailValue500200026'),
(toInt32(5002027),toInt32(5002),'SubDetailValue500200027'),
(toInt32(5002028),toInt32(5002),'SubDetailValue500200028'),
(toInt32(5002029),toInt32(5002),'SubDetailValue500200029'),
(toInt32(5002030),toInt32(5002),'SubDetailValue500200030'),
(toInt32(5002031),toInt32(5002),'SubDetailValue500200031'),
(toInt32(5002032),toInt32(5002),'SubDetailValue500200032'),
(toInt32(5002033),toInt32(5002),'SubDetailValue500200033'),
(toInt32(5002034),toInt32(5002),'SubDetailValue500200034'),
(toInt32(5002035),toInt32(5002),'SubDetailValue500200035'),
(toInt32(5002036),toInt32(5002),'SubDetailValue500200036'),
(toInt32(5002037),toInt32(5002),'SubDetailValue500200037'),
(toInt32(5002038),toInt32(5002),'SubDetailValue500200038'),
(toInt32(5002039),toInt32(5002),'SubDetailValue500200039'),
(toInt32(5002040),toInt32(5002),'SubDetailValue500200040'),
(toInt32(5002041),toInt32(5002),'SubDetailValue500200041'),
(toInt32(5002042),toInt32(5002),'SubDetailValue500200042'),
(toInt32(5002043),toInt32(5002),'SubDetailValue500200043'),
(toInt32(5002044),toInt32(5002),'SubDetailValue500200044'),
(toInt32(5002045),toInt32(5002),'SubDetailValue500200045'),
(toInt32(5002046),toInt32(5002),'SubDetailValue500200046'),
(toInt32(5002047),toInt32(5002),'SubDetailValue500200047'),
(toInt32(5002048),toInt32(5002),'SubDetailValue500200048'),
(toInt32(5002049),toInt32(5002),'SubDetailValue500200049'),
(toInt32(5002050),toInt32(5002),'SubDetailValue500200050'),
(toInt32(5003001),toInt32(5003),'SubDetailValue50030001'),
(toInt32(5003002),toInt32(5003),'SubDetailValue50030002'),
(toInt32(5003003),toInt32(5003),'SubDetailValue50030003'),
(toInt32(5003004),toInt32(5003),'SubDetailValue50030004'),
(toInt32(5003005),toInt32(5003),'SubDetailValue50030005'),
(toInt32(5003006),toInt32(5003),'SubDetailValue50030006'),
(toInt32(5003007),toInt32(5003),'SubDetailValue50030007'),
(toInt32(5003008),toInt32(5003),'SubDetailValue50030008'),
(toInt32(5003009),toInt32(5003),'SubDetailValue50030009'),
(toInt32(5003010),toInt32(5003),'SubDetailValue500300010'),
(toInt32(5003011),toInt32(5003),'SubDetailValue500300011'),
(toInt32(5003012),toInt32(5003),'SubDetailValue500300012'),
(toInt32(5003013),toInt32(5003),'SubDetailValue500300013'),
(toInt32(5003014),toInt32(5003),'SubDetailValue500300014'),
(toInt32(5003015),toInt32(5003),'SubDetailValue500300015'),
(toInt32(5003016),toInt32(5003),'SubDetailValue500300016'),
(toInt32(5003017),toInt32(5003),'SubDetailValue500300017'),
(toInt32(5003018),toInt32(5003),'SubDetailValue500300018'),
(toInt32(5003019),toInt32(5003),'SubDetailValue500300019'),
(toInt32(5003020),toInt32(5003),'SubDetailValue500300020'),
(toInt32(5003021),toInt32(5003),'SubDetailValue500300021'),
(toInt32(5003022),toInt32(5003),'SubDetailValue500300022'),
(toInt32(5003023),toInt32(5003),'SubDetailValue500300023'),
(toInt32(5003024),toInt32(5003),'SubDetailValue500300024'),
(toInt32(5003025),toInt32(5003),'SubDetailValue500300025'),
(toInt32(5003026),toInt32(5003),'SubDetailValue500300026'),
(toInt32(5003027),toInt32(5003),'SubDetailValue500300027'),
(toInt32(5003028),toInt32(5003),'SubDetailValue500300028'),
(toInt32(5003029),toInt32(5003),'SubDetailValue500300029'),
(toInt32(5003030),toInt32(5003),'SubDetailValue500300030'),
(toInt32(5003031),toInt32(5003),'SubDetailValue500300031'),
(toInt32(5003032),toInt32(5003),'SubDetailValue500300032'),
(toInt32(5003033),toInt32(5003),'SubDetailValue500300033'),
(toInt32(5003034),toInt32(5003),'SubDetailValue500300034'),
(toInt32(5003035),toInt32(5003),'SubDetailValue500300035'),
(toInt32(5003036),toInt32(5003),'SubDetailValue500300036'),
(toInt32(5003037),toInt32(5003),'SubDetailValue500300037'),
(toInt32(5003038),toInt32(5003),'SubDetailValue500300038'),
(toInt32(5003039),toInt32(5003),'SubDetailValue500300039'),
(toInt32(5003040),toInt32(5003),'SubDetailValue500300040'),
(toInt32(5003041),toInt32(5003),'SubDetailValue500300041'),
(toInt32(5003042),toInt32(5003),'SubDetailValue500300042'),
(toInt32(5003043),toInt32(5003),'SubDetailValue500300043'),
(toInt32(5003044),toInt32(5003),'SubDetailValue500300044'),
(toInt32(5003045),toInt32(5003),'SubDetailValue500300045'),
(toInt32(5003046),toInt32(5003),'SubDetailValue500300046'),
(toInt32(5003047),toInt32(5003),'SubDetailValue500300047'),
(toInt32(5003048),toInt32(5003),'SubDetailValue500300048'),
(toInt32(5003049),toInt32(5003),'SubDetailValue500300049'),
(toInt32(5003050),toInt32(5003),'SubDetailValue500300050'),
(toInt32(5004001),toInt32(5004),'SubDetailValue50040001'),
(toInt32(5004002),toInt32(5004),'SubDetailValue50040002'),
(toInt32(5004003),toInt32(5004),'SubDetailValue50040003'),
(toInt32(5004004),toInt32(5004),'SubDetailValue50040004'),
(toInt32(5004005),toInt32(5004),'SubDetailValue50040005'),
(toInt32(5004006),toInt32(5004),'SubDetailValue50040006'),
(toInt32(5004007),toInt32(5004),'SubDetailValue50040007'),
(toInt32(5004008),toInt32(5004),'SubDetailValue50040008'),
(toInt32(5004009),toInt32(5004),'SubDetailValue50040009'),
(toInt32(5004010),toInt32(5004),'SubDetailValue500400010'),
(toInt32(5004011),toInt32(5004),'SubDetailValue500400011'),
(toInt32(5004012),toInt32(5004),'SubDetailValue500400012'),
(toInt32(5004013),toInt32(5004),'SubDetailValue500400013'),
(toInt32(5004014),toInt32(5004),'SubDetailValue500400014'),
(toInt32(5004015),toInt32(5004),'SubDetailValue500400015'),
(toInt32(5004016),toInt32(5004),'SubDetailValue500400016'),
(toInt32(5004017),toInt32(5004),'SubDetailValue500400017'),
(toInt32(5004018),toInt32(5004),'SubDetailValue500400018'),
(toInt32(5004019),toInt32(5004),'SubDetailValue500400019'),
(toInt32(5004020),toInt32(5004),'SubDetailValue500400020'),
(toInt32(5004021),toInt32(5004),'SubDetailValue500400021'),
(toInt32(5004022),toInt32(5004),'SubDetailValue500400022'),
(toInt32(5004023),toInt32(5004),'SubDetailValue500400023'),
(toInt32(5004024),toInt32(5004),'SubDetailValue500400024'),
(toInt32(5004025),toInt32(5004),'SubDetailValue500400025'),
(toInt32(5004026),toInt32(5004),'SubDetailValue500400026'),
(toInt32(5004027),toInt32(5004),'SubDetailValue500400027'),
(toInt32(5004028),toInt32(5004),'SubDetailValue500400028'),
(toInt32(5004029),toInt32(5004),'SubDetailValue500400029'),
(toInt32(5004030),toInt32(5004),'SubDetailValue500400030'),
(toInt32(5004031),toInt32(5004),'SubDetailValue500400031'),
(toInt32(5004032),toInt32(5004),'SubDetailValue500400032'),
(toInt32(5004033),toInt32(5004),'SubDetailValue500400033'),
(toInt32(5004034),toInt32(5004),'SubDetailValue500400034'),
(toInt32(5004035),toInt32(5004),'SubDetailValue500400035'),
(toInt32(5004036),toInt32(5004),'SubDetailValue500400036'),
(toInt32(5004037),toInt32(5004),'SubDetailValue500400037'),
(toInt32(5004038),toInt32(5004),'SubDetailValue500400038'),
(toInt32(5004039),toInt32(5004),'SubDetailValue500400039'),
(toInt32(5004040),toInt32(5004),'SubDetailValue500400040'),
(toInt32(5004041),toInt32(5004),'SubDetailValue500400041'),
(toInt32(5004042),toInt32(5004),'SubDetailValue500400042'),
(toInt32(5004043),toInt32(5004),'SubDetailValue500400043'),
(toInt32(5004044),toInt32(5004),'SubDetailValue500400044'),
(toInt32(5004045),toInt32(5004),'SubDetailValue500400045'),
(toInt32(5004046),toInt32(5004),'SubDetailValue500400046'),
(toInt32(5004047),toInt32(5004),'SubDetailValue500400047'),
(toInt32(5004048),toInt32(5004),'SubDetailValue500400048'),
(toInt32(5004049),toInt32(5004),'SubDetailValue500400049'),
(toInt32(5004050),toInt32(5004),'SubDetailValue500400050'),
(toInt32(5005001),toInt32(5005),'SubDetailValue50050001'),
(toInt32(5005002),toInt32(5005),'SubDetailValue50050002'),
(toInt32(5005003),toInt32(5005),'SubDetailValue50050003'),
(toInt32(5005004),toInt32(5005),'SubDetailValue50050004'),
(toInt32(5005005),toInt32(5005),'SubDetailValue50050005'),
(toInt32(5005006),toInt32(5005),'SubDetailValue50050006'),
(toInt32(5005007),toInt32(5005),'SubDetailValue50050007'),
(toInt32(5005008),toInt32(5005),'SubDetailValue50050008'),
(toInt32(5005009),toInt32(5005),'SubDetailValue50050009'),
(toInt32(5005010),toInt32(5005),'SubDetailValue500500010'),
(toInt32(5005011),toInt32(5005),'SubDetailValue500500011'),
(toInt32(5005012),toInt32(5005),'SubDetailValue500500012'),
(toInt32(5005013),toInt32(5005),'SubDetailValue500500013'),
(toInt32(5005014),toInt32(5005),'SubDetailValue500500014'),
(toInt32(5005015),toInt32(5005),'SubDetailValue500500015'),
(toInt32(5005016),toInt32(5005),'SubDetailValue500500016'),
(toInt32(5005017),toInt32(5005),'SubDetailValue500500017'),
(toInt32(5005018),toInt32(5005),'SubDetailValue500500018'),
(toInt32(5005019),toInt32(5005),'SubDetailValue500500019'),
(toInt32(5005020),toInt32(5005),'SubDetailValue500500020'),
(toInt32(5005021),toInt32(5005),'SubDetailValue500500021'),
(toInt32(5005022),toInt32(5005),'SubDetailValue500500022'),
(toInt32(5005023),toInt32(5005),'SubDetailValue500500023'),
(toInt32(5005024),toInt32(5005),'SubDetailValue500500024'),
(toInt32(5005025),toInt32(5005),'SubDetailValue500500025'),
(toInt32(5005026),toInt32(5005),'SubDetailValue500500026'),
(toInt32(5005027),toInt32(5005),'SubDetailValue500500027'),
(toInt32(5005028),toInt32(5005),'SubDetailValue500500028'),
(toInt32(5005029),toInt32(5005),'SubDetailValue500500029'),
(toInt32(5005030),toInt32(5005),'SubDetailValue500500030'),
(toInt32(5005031),toInt32(5005),'SubDetailValue500500031'),
(toInt32(5005032),toInt32(5005),'SubDetailValue500500032'),
(toInt32(5005033),toInt32(5005),'SubDetailValue500500033'),
(toInt32(5005034),toInt32(5005),'SubDetailValue500500034'),
(toInt32(5005035),toInt32(5005),'SubDetailValue500500035'),
(toInt32(5005036),toInt32(5005),'SubDetailValue500500036'),
(toInt32(5005037),toInt32(5005),'SubDetailValue500500037'),
(toInt32(5005038),toInt32(5005),'SubDetailValue500500038'),
(toInt32(5005039),toInt32(5005),'SubDetailValue500500039'),
(toInt32(5005040),toInt32(5005),'SubDetailValue500500040'),
(toInt32(5005041),toInt32(5005),'SubDetailValue500500041'),
(toInt32(5005042),toInt32(5005),'SubDetailValue500500042'),
(toInt32(5005043),toInt32(5005),'SubDetailValue500500043'),
(toInt32(5005044),toInt32(5005),'SubDetailValue500500044'),
(toInt32(5005045),toInt32(5005),'SubDetailValue500500045'),
(toInt32(5005046),toInt32(5005),'SubDetailValue500500046'),
(toInt32(5005047),toInt32(5005),'SubDetailValue500500047'),
(toInt32(5005048),toInt32(5005),'SubDetailValue500500048'),
(toInt32(5005049),toInt32(5005),'SubDetailValue500500049'),
(toInt32(5005050),toInt32(5005),'SubDetailValue500500050'),
(toInt32(7001001),toInt32(7001),'SubDetailValue70010001'),
(toInt32(7001002),toInt32(7001),'SubDetailValue70010002'),
(toInt32(7001003),toInt32(7001),'SubDetailValue70010003'),
(toInt32(7001004),toInt32(7001),'SubDetailValue70010004'),
(toInt32(7001005),toInt32(7001),'SubDetailValue70010005'),
(toInt32(7001006),toInt32(7001),'SubDetailValue70010006'),
(toInt32(7001007),toInt32(7001),'SubDetailValue70010007'),
(toInt32(7001008),toInt32(7001),'SubDetailValue70010008'),
(toInt32(7001009),toInt32(7001),'SubDetailValue70010009'),
(toInt32(7001010),toInt32(7001),'SubDetailValue700100010'),
(toInt32(7001011),toInt32(7001),'SubDetailValue700100011'),
(toInt32(7001012),toInt32(7001),'SubDetailValue700100012'),
(toInt32(7001013),toInt32(7001),'SubDetailValue700100013'),
(toInt32(7001014),toInt32(7001),'SubDetailValue700100014'),
(toInt32(7001015),toInt32(7001),'SubDetailValue700100015'),
(toInt32(7001016),toInt32(7001),'SubDetailValue700100016'),
(toInt32(7001017),toInt32(7001),'SubDetailValue700100017'),
(toInt32(7001018),toInt32(7001),'SubDetailValue700100018'),
(toInt32(7001019),toInt32(7001),'SubDetailValue700100019'),
(toInt32(7001020),toInt32(7001),'SubDetailValue700100020'),
(toInt32(7001021),toInt32(7001),'SubDetailValue700100021'),
(toInt32(7001022),toInt32(7001),'SubDetailValue700100022'),
(toInt32(7001023),toInt32(7001),'SubDetailValue700100023'),
(toInt32(7001024),toInt32(7001),'SubDetailValue700100024'),
(toInt32(7001025),toInt32(7001),'SubDetailValue700100025'),
(toInt32(7001026),toInt32(7001),'SubDetailValue700100026'),
(toInt32(7001027),toInt32(7001),'SubDetailValue700100027'),
(toInt32(7001028),toInt32(7001),'SubDetailValue700100028'),
(toInt32(7001029),toInt32(7001),'SubDetailValue700100029'),
(toInt32(7001030),toInt32(7001),'SubDetailValue700100030'),
(toInt32(7001031),toInt32(7001),'SubDetailValue700100031'),
(toInt32(7001032),toInt32(7001),'SubDetailValue700100032'),
(toInt32(7001033),toInt32(7001),'SubDetailValue700100033'),
(toInt32(7001034),toInt32(7001),'SubDetailValue700100034'),
(toInt32(7001035),toInt32(7001),'SubDetailValue700100035'),
(toInt32(7001036),toInt32(7001),'SubDetailValue700100036'),
(toInt32(7001037),toInt32(7001),'SubDetailValue700100037'),
(toInt32(7001038),toInt32(7001),'SubDetailValue700100038'),
(toInt32(7001039),toInt32(7001),'SubDetailValue700100039'),
(toInt32(7001040),toInt32(7001),'SubDetailValue700100040'),
(toInt32(7001041),toInt32(7001),'SubDetailValue700100041'),
(toInt32(7001042),toInt32(7001),'SubDetailValue700100042'),
(toInt32(7001043),toInt32(7001),'SubDetailValue700100043'),
(toInt32(7001044),toInt32(7001),'SubDetailValue700100044'),
(toInt32(7001045),toInt32(7001),'SubDetailValue700100045'),
(toInt32(7001046),toInt32(7001),'SubDetailValue700100046'),
(toInt32(7001047),toInt32(7001),'SubDetailValue700100047'),
(toInt32(7001048),toInt32(7001),'SubDetailValue700100048'),
(toInt32(7001049),toInt32(7001),'SubDetailValue700100049'),
(toInt32(7001050),toInt32(7001),'SubDetailValue700100050'),
(toInt32(7001051),toInt32(7001),'SubDetailValue700100051'),
(toInt32(7001052),toInt32(7001),'SubDetailValue700100052'),
(toInt32(7001053),toInt32(7001),'SubDetailValue700100053'),
(toInt32(7001054),toInt32(7001),'SubDetailValue700100054'),
(toInt32(7001055),toInt32(7001),'SubDetailValue700100055'),
(toInt32(7001056),toInt32(7001),'SubDetailValue700100056'),
(toInt32(7001057),toInt32(7001),'SubDetailValue700100057'),
(toInt32(7001058),toInt32(7001),'SubDetailValue700100058'),
(toInt32(7001059),toInt32(7001),'SubDetailValue700100059'),
(toInt32(7001060),toInt32(7001),'SubDetailValue700100060'),
(toInt32(7001061),toInt32(7001),'SubDetailValue700100061'),
(toInt32(7001062),toInt32(7001),'SubDetailValue700100062'),
(toInt32(7001063),toInt32(7001),'SubDetailValue700100063'),
(toInt32(7001064),toInt32(7001),'SubDetailValue700100064'),
(toInt32(7001065),toInt32(7001),'SubDetailValue700100065'),
(toInt32(7001066),toInt32(7001),'SubDetailValue700100066'),
(toInt32(7001067),toInt32(7001),'SubDetailValue700100067'),
(toInt32(7001068),toInt32(7001),'SubDetailValue700100068'),
(toInt32(7001069),toInt32(7001),'SubDetailValue700100069'),
(toInt32(7001070),toInt32(7001),'SubDetailValue700100070'),
(toInt32(7002001),toInt32(7002),'SubDetailValue70020001'),
(toInt32(7002002),toInt32(7002),'SubDetailValue70020002'),
(toInt32(7002003),toInt32(7002),'SubDetailValue70020003'),
(toInt32(7002004),toInt32(7002),'SubDetailValue70020004'),
(toInt32(7002005),toInt32(7002),'SubDetailValue70020005'),
(toInt32(7002006),toInt32(7002),'SubDetailValue70020006'),
(toInt32(7002007),toInt32(7002),'SubDetailValue70020007'),
(toInt32(7002008),toInt32(7002),'SubDetailValue70020008'),
(toInt32(7002009),toInt32(7002),'SubDetailValue70020009'),
(toInt32(7002010),toInt32(7002),'SubDetailValue700200010'),
(toInt32(7002011),toInt32(7002),'SubDetailValue700200011'),
(toInt32(7002012),toInt32(7002),'SubDetailValue700200012'),
(toInt32(7002013),toInt32(7002),'SubDetailValue700200013'),
(toInt32(7002014),toInt32(7002),'SubDetailValue700200014'),
(toInt32(7002015),toInt32(7002),'SubDetailValue700200015'),
(toInt32(7002016),toInt32(7002),'SubDetailValue700200016'),
(toInt32(7002017),toInt32(7002),'SubDetailValue700200017'),
(toInt32(7002018),toInt32(7002),'SubDetailValue700200018'),
(toInt32(7002019),toInt32(7002),'SubDetailValue700200019'),
(toInt32(7002020),toInt32(7002),'SubDetailValue700200020'),
(toInt32(7002021),toInt32(7002),'SubDetailValue700200021'),
(toInt32(7002022),toInt32(7002),'SubDetailValue700200022'),
(toInt32(7002023),toInt32(7002),'SubDetailValue700200023'),
(toInt32(7002024),toInt32(7002),'SubDetailValue700200024'),
(toInt32(7002025),toInt32(7002),'SubDetailValue700200025'),
(toInt32(7002026),toInt32(7002),'SubDetailValue700200026'),
(toInt32(7002027),toInt32(7002),'SubDetailValue700200027'),
(toInt32(7002028),toInt32(7002),'SubDetailValue700200028'),
(toInt32(7002029),toInt32(7002),'SubDetailValue700200029'),
(toInt32(7002030),toInt32(7002),'SubDetailValue700200030'),
(toInt32(7002031),toInt32(7002),'SubDetailValue700200031'),
(toInt32(7002032),toInt32(7002),'SubDetailValue700200032'),
(toInt32(7002033),toInt32(7002),'SubDetailValue700200033'),
(toInt32(7002034),toInt32(7002),'SubDetailValue700200034'),
(toInt32(7002035),toInt32(7002),'SubDetailValue700200035'),
(toInt32(7002036),toInt32(7002),'SubDetailValue700200036'),
(toInt32(7002037),toInt32(7002),'SubDetailValue700200037'),
(toInt32(7002038),toInt32(7002),'SubDetailValue700200038'),
(toInt32(7002039),toInt32(7002),'SubDetailValue700200039'),
(toInt32(7002040),toInt32(7002),'SubDetailValue700200040'),
(toInt32(7002041),toInt32(7002),'SubDetailValue700200041'),
(toInt32(7002042),toInt32(7002),'SubDetailValue700200042'),
(toInt32(7002043),toInt32(7002),'SubDetailValue700200043'),
(toInt32(7002044),toInt32(7002),'SubDetailValue700200044'),
(toInt32(7002045),toInt32(7002),'SubDetailValue700200045'),
(toInt32(7002046),toInt32(7002),'SubDetailValue700200046'),
(toInt32(7002047),toInt32(7002),'SubDetailValue700200047'),
(toInt32(7002048),toInt32(7002),'SubDetailValue700200048'),
(toInt32(7002049),toInt32(7002),'SubDetailValue700200049'),
(toInt32(7002050),toInt32(7002),'SubDetailValue700200050'),
(toInt32(7002051),toInt32(7002),'SubDetailValue700200051'),
(toInt32(7002052),toInt32(7002),'SubDetailValue700200052'),
(toInt32(7002053),toInt32(7002),'SubDetailValue700200053'),
(toInt32(7002054),toInt32(7002),'SubDetailValue700200054'),
(toInt32(7002055),toInt32(7002),'SubDetailValue700200055'),
(toInt32(7002056),toInt32(7002),'SubDetailValue700200056'),
(toInt32(7002057),toInt32(7002),'SubDetailValue700200057'),
(toInt32(7002058),toInt32(7002),'SubDetailValue700200058'),
(toInt32(7002059),toInt32(7002),'SubDetailValue700200059'),
(toInt32(7002060),toInt32(7002),'SubDetailValue700200060'),
(toInt32(7002061),toInt32(7002),'SubDetailValue700200061'),
(toInt32(7002062),toInt32(7002),'SubDetailValue700200062'),
(toInt32(7002063),toInt32(7002),'SubDetailValue700200063'),
(toInt32(7002064),toInt32(7002),'SubDetailValue700200064'),
(toInt32(7002065),toInt32(7002),'SubDetailValue700200065'),
(toInt32(7002066),toInt32(7002),'SubDetailValue700200066'),
(toInt32(7002067),toInt32(7002),'SubDetailValue700200067'),
(toInt32(7002068),toInt32(7002),'SubDetailValue700200068'),
(toInt32(7002069),toInt32(7002),'SubDetailValue700200069'),
(toInt32(7002070),toInt32(7002),'SubDetailValue700200070'),
(toInt32(7003001),toInt32(7003),'SubDetailValue70030001'),
(toInt32(7003002),toInt32(7003),'SubDetailValue70030002'),
(toInt32(7003003),toInt32(7003),'SubDetailValue70030003'),
(toInt32(7003004),toInt32(7003),'SubDetailValue70030004'),
(toInt32(7003005),toInt32(7003),'SubDetailValue70030005'),
(toInt32(7003006),toInt32(7003),'SubDetailValue70030006'),
(toInt32(7003007),toInt32(7003),'SubDetailValue70030007'),
(toInt32(7003008),toInt32(7003),'SubDetailValue70030008'),
(toInt32(7003009),toInt32(7003),'SubDetailValue70030009'),
(toInt32(7003010),toInt32(7003),'SubDetailValue700300010'),
(toInt32(7003011),toInt32(7003),'SubDetailValue700300011'),
(toInt32(7003012),toInt32(7003),'SubDetailValue700300012'),
(toInt32(7003013),toInt32(7003),'SubDetailValue700300013'),
(toInt32(7003014),toInt32(7003),'SubDetailValue700300014'),
(toInt32(7003015),toInt32(7003),'SubDetailValue700300015'),
(toInt32(7003016),toInt32(7003),'SubDetailValue700300016'),
(toInt32(7003017),toInt32(7003),'SubDetailValue700300017'),
(toInt32(7003018),toInt32(7003),'SubDetailValue700300018'),
(toInt32(7003019),toInt32(7003),'SubDetailValue700300019'),
(toInt32(7003020),toInt32(7003),'SubDetailValue700300020'),
(toInt32(7003021),toInt32(7003),'SubDetailValue700300021'),
(toInt32(7003022),toInt32(7003),'SubDetailValue700300022'),
(toInt32(7003023),toInt32(7003),'SubDetailValue700300023'),
(toInt32(7003024),toInt32(7003),'SubDetailValue700300024'),
(toInt32(7003025),toInt32(7003),'SubDetailValue700300025'),
(toInt32(7003026),toInt32(7003),'SubDetailValue700300026'),
(toInt32(7003027),toInt32(7003),'SubDetailValue700300027'),
(toInt32(7003028),toInt32(7003),'SubDetailValue700300028'),
(toInt32(7003029),toInt32(7003),'SubDetailValue700300029'),
(toInt32(7003030),toInt32(7003),'SubDetailValue700300030'),
(toInt32(7003031),toInt32(7003),'SubDetailValue700300031'),
(toInt32(7003032),toInt32(7003),'SubDetailValue700300032'),
(toInt32(7003033),toInt32(7003),'SubDetailValue700300033'),
(toInt32(7003034),toInt32(7003),'SubDetailValue700300034'),
(toInt32(7003035),toInt32(7003),'SubDetailValue700300035'),
(toInt32(7003036),toInt32(7003),'SubDetailValue700300036'),
(toInt32(7003037),toInt32(7003),'SubDetailValue700300037'),
(toInt32(7003038),toInt32(7003),'SubDetailValue700300038'),
(toInt32(7003039),toInt32(7003),'SubDetailValue700300039'),
(toInt32(7003040),toInt32(7003),'SubDetailValue700300040'),
(toInt32(7003041),toInt32(7003),'SubDetailValue700300041'),
(toInt32(7003042),toInt32(7003),'SubDetailValue700300042'),
(toInt32(7003043),toInt32(7003),'SubDetailValue700300043'),
(toInt32(7003044),toInt32(7003),'SubDetailValue700300044'),
(toInt32(7003045),toInt32(7003),'SubDetailValue700300045'),
(toInt32(7003046),toInt32(7003),'SubDetailValue700300046'),
(toInt32(7003047),toInt32(7003),'SubDetailValue700300047'),
(toInt32(7003048),toInt32(7003),'SubDetailValue700300048'),
(toInt32(7003049),toInt32(7003),'SubDetailValue700300049'),
(toInt32(7003050),toInt32(7003),'SubDetailValue700300050'),
(toInt32(7003051),toInt32(7003),'SubDetailValue700300051'),
(toInt32(7003052),toInt32(7003),'SubDetailValue700300052'),
(toInt32(7003053),toInt32(7003),'SubDetailValue700300053'),
(toInt32(7003054),toInt32(7003),'SubDetailValue700300054'),
(toInt32(7003055),toInt32(7003),'SubDetailValue700300055'),
(toInt32(7003056),toInt32(7003),'SubDetailValue700300056'),
(toInt32(7003057),toInt32(7003),'SubDetailValue700300057'),
(toInt32(7003058),toInt32(7003),'SubDetailValue700300058'),
(toInt32(7003059),toInt32(7003),'SubDetailValue700300059'),
(toInt32(7003060),toInt32(7003),'SubDetailValue700300060'),
(toInt32(7003061),toInt32(7003),'SubDetailValue700300061'),
(toInt32(7003062),toInt32(7003),'SubDetailValue700300062'),
(toInt32(7003063),toInt32(7003),'SubDetailValue700300063'),
(toInt32(7003064),toInt32(7003),'SubDetailValue700300064'),
(toInt32(7003065),toInt32(7003),'SubDetailValue700300065'),
(toInt32(7003066),toInt32(7003),'SubDetailValue700300066'),
(toInt32(7003067),toInt32(7003),'SubDetailValue700300067'),
(toInt32(7003068),toInt32(7003),'SubDetailValue700300068'),
(toInt32(7003069),toInt32(7003),'SubDetailValue700300069'),
(toInt32(7003070),toInt32(7003),'SubDetailValue700300070'),
(toInt32(7004001),toInt32(7004),'SubDetailValue70040001'),
(toInt32(7004002),toInt32(7004),'SubDetailValue70040002'),
(toInt32(7004003),toInt32(7004),'SubDetailValue70040003'),
(toInt32(7004004),toInt32(7004),'SubDetailValue70040004'),
(toInt32(7004005),toInt32(7004),'SubDetailValue70040005'),
(toInt32(7004006),toInt32(7004),'SubDetailValue70040006'),
(toInt32(7004007),toInt32(7004),'SubDetailValue70040007'),
(toInt32(7004008),toInt32(7004),'SubDetailValue70040008'),
(toInt32(7004009),toInt32(7004),'SubDetailValue70040009'),
(toInt32(7004010),toInt32(7004),'SubDetailValue700400010'),
(toInt32(7004011),toInt32(7004),'SubDetailValue700400011'),
(toInt32(7004012),toInt32(7004),'SubDetailValue700400012'),
(toInt32(7004013),toInt32(7004),'SubDetailValue700400013'),
(toInt32(7004014),toInt32(7004),'SubDetailValue700400014'),
(toInt32(7004015),toInt32(7004),'SubDetailValue700400015'),
(toInt32(7004016),toInt32(7004),'SubDetailValue700400016'),
(toInt32(7004017),toInt32(7004),'SubDetailValue700400017'),
(toInt32(7004018),toInt32(7004),'SubDetailValue700400018'),
(toInt32(7004019),toInt32(7004),'SubDetailValue700400019'),
(toInt32(7004020),toInt32(7004),'SubDetailValue700400020'),
(toInt32(7004021),toInt32(7004),'SubDetailValue700400021'),
(toInt32(7004022),toInt32(7004),'SubDetailValue700400022'),
(toInt32(7004023),toInt32(7004),'SubDetailValue700400023'),
(toInt32(7004024),toInt32(7004),'SubDetailValue700400024'),
(toInt32(7004025),toInt32(7004),'SubDetailValue700400025'),
(toInt32(7004026),toInt32(7004),'SubDetailValue700400026'),
(toInt32(7004027),toInt32(7004),'SubDetailValue700400027'),
(toInt32(7004028),toInt32(7004),'SubDetailValue700400028'),
(toInt32(7004029),toInt32(7004),'SubDetailValue700400029'),
(toInt32(7004030),toInt32(7004),'SubDetailValue700400030'),
(toInt32(7004031),toInt32(7004),'SubDetailValue700400031'),
(toInt32(7004032),toInt32(7004),'SubDetailValue700400032'),
(toInt32(7004033),toInt32(7004),'SubDetailValue700400033'),
(toInt32(7004034),toInt32(7004),'SubDetailValue700400034'),
(toInt32(7004035),toInt32(7004),'SubDetailValue700400035'),
(toInt32(7004036),toInt32(7004),'SubDetailValue700400036'),
(toInt32(7004037),toInt32(7004),'SubDetailValue700400037'),
(toInt32(7004038),toInt32(7004),'SubDetailValue700400038'),
(toInt32(7004039),toInt32(7004),'SubDetailValue700400039'),
(toInt32(7004040),toInt32(7004),'SubDetailValue700400040'),
(toInt32(7004041),toInt32(7004),'SubDetailValue700400041'),
(toInt32(7004042),toInt32(7004),'SubDetailValue700400042'),
(toInt32(7004043),toInt32(7004),'SubDetailValue700400043'),
(toInt32(7004044),toInt32(7004),'SubDetailValue700400044'),
(toInt32(7004045),toInt32(7004),'SubDetailValue700400045'),
(toInt32(7004046),toInt32(7004),'SubDetailValue700400046'),
(toInt32(7004047),toInt32(7004),'SubDetailValue700400047'),
(toInt32(7004048),toInt32(7004),'SubDetailValue700400048'),
(toInt32(7004049),toInt32(7004),'SubDetailValue700400049'),
(toInt32(7004050),toInt32(7004),'SubDetailValue700400050'),
(toInt32(7004051),toInt32(7004),'SubDetailValue700400051'),
(toInt32(7004052),toInt32(7004),'SubDetailValue700400052'),
(toInt32(7004053),toInt32(7004),'SubDetailValue700400053'),
(toInt32(7004054),toInt32(7004),'SubDetailValue700400054'),
(toInt32(7004055),toInt32(7004),'SubDetailValue700400055'),
(toInt32(7004056),toInt32(7004),'SubDetailValue700400056'),
(toInt32(7004057),toInt32(7004),'SubDetailValue700400057'),
(toInt32(7004058),toInt32(7004),'SubDetailValue700400058'),
(toInt32(7004059),toInt32(7004),'SubDetailValue700400059'),
(toInt32(7004060),toInt32(7004),'SubDetailValue700400060'),
(toInt32(7004061),toInt32(7004),'SubDetailValue700400061'),
(toInt32(7004062),toInt32(7004),'SubDetailValue700400062'),
(toInt32(7004063),toInt32(7004),'SubDetailValue700400063'),
(toInt32(7004064),toInt32(7004),'SubDetailValue700400064'),
(toInt32(7004065),toInt32(7004),'SubDetailValue700400065'),
(toInt32(7004066),toInt32(7004),'SubDetailValue700400066'),
(toInt32(7004067),toInt32(7004),'SubDetailValue700400067'),
(toInt32(7004068),toInt32(7004),'SubDetailValue700400068'),
(toInt32(7004069),toInt32(7004),'SubDetailValue700400069'),
(toInt32(7004070),toInt32(7004),'SubDetailValue700400070'),
(toInt32(7005001),toInt32(7005),'SubDetailValue70050001'),
(toInt32(7005002),toInt32(7005),'SubDetailValue70050002'),
(toInt32(7005003),toInt32(7005),'SubDetailValue70050003'),
(toInt32(7005004),toInt32(7005),'SubDetailValue70050004'),
(toInt32(7005005),toInt32(7005),'SubDetailValue70050005'),
(toInt32(7005006),toInt32(7005),'SubDetailValue70050006'),
(toInt32(7005007),toInt32(7005),'SubDetailValue70050007'),
(toInt32(7005008),toInt32(7005),'SubDetailValue70050008'),
(toInt32(7005009),toInt32(7005),'SubDetailValue70050009'),
(toInt32(7005010),toInt32(7005),'SubDetailValue700500010'),
(toInt32(7005011),toInt32(7005),'SubDetailValue700500011'),
(toInt32(7005012),toInt32(7005),'SubDetailValue700500012'),
(toInt32(7005013),toInt32(7005),'SubDetailValue700500013'),
(toInt32(7005014),toInt32(7005),'SubDetailValue700500014'),
(toInt32(7005015),toInt32(7005),'SubDetailValue700500015'),
(toInt32(7005016),toInt32(7005),'SubDetailValue700500016'),
(toInt32(7005017),toInt32(7005),'SubDetailValue700500017'),
(toInt32(7005018),toInt32(7005),'SubDetailValue700500018'),
(toInt32(7005019),toInt32(7005),'SubDetailValue700500019'),
(toInt32(7005020),toInt32(7005),'SubDetailValue700500020'),
(toInt32(7005021),toInt32(7005),'SubDetailValue700500021'),
(toInt32(7005022),toInt32(7005),'SubDetailValue700500022'),
(toInt32(7005023),toInt32(7005),'SubDetailValue700500023'),
(toInt32(7005024),toInt32(7005),'SubDetailValue700500024'),
(toInt32(7005025),toInt32(7005),'SubDetailValue700500025'),
(toInt32(7005026),toInt32(7005),'SubDetailValue700500026'),
(toInt32(7005027),toInt32(7005),'SubDetailValue700500027'),
(toInt32(7005028),toInt32(7005),'SubDetailValue700500028'),
(toInt32(7005029),toInt32(7005),'SubDetailValue700500029'),
(toInt32(7005030),toInt32(7005),'SubDetailValue700500030'),
(toInt32(7005031),toInt32(7005),'SubDetailValue700500031'),
(toInt32(7005032),toInt32(7005),'SubDetailValue700500032'),
(toInt32(7005033),toInt32(7005),'SubDetailValue700500033'),
(toInt32(7005034),toInt32(7005),'SubDetailValue700500034'),
(toInt32(7005035),toInt32(7005),'SubDetailValue700500035'),
(toInt32(7005036),toInt32(7005),'SubDetailValue700500036'),
(toInt32(7005037),toInt32(7005),'SubDetailValue700500037'),
(toInt32(7005038),toInt32(7005),'SubDetailValue700500038'),
(toInt32(7005039),toInt32(7005),'SubDetailValue700500039'),
(toInt32(7005040),toInt32(7005),'SubDetailValue700500040'),
(toInt32(7005041),toInt32(7005),'SubDetailValue700500041'),
(toInt32(7005042),toInt32(7005),'SubDetailValue700500042'),
(toInt32(7005043),toInt32(7005),'SubDetailValue700500043'),
(toInt32(7005044),toInt32(7005),'SubDetailValue700500044'),
(toInt32(7005045),toInt32(7005),'SubDetailValue700500045'),
(toInt32(7005046),toInt32(7005),'SubDetailValue700500046'),
(toInt32(7005047),toInt32(7005),'SubDetailValue700500047'),
(toInt32(7005048),toInt32(7005),'SubDetailValue700500048'),
(toInt32(7005049),toInt32(7005),'SubDetailValue700500049'),
(toInt32(7005050),toInt32(7005),'SubDetailValue700500050'),
(toInt32(7005051),toInt32(7005),'SubDetailValue700500051'),
(toInt32(7005052),toInt32(7005),'SubDetailValue700500052'),
(toInt32(7005053),toInt32(7005),'SubDetailValue700500053'),
(toInt32(7005054),toInt32(7005),'SubDetailValue700500054'),
(toInt32(7005055),toInt32(7005),'SubDetailValue700500055'),
(toInt32(7005056),toInt32(7005),'SubDetailValue700500056'),
(toInt32(7005057),toInt32(7005),'SubDetailValue700500057'),
(toInt32(7005058),toInt32(7005),'SubDetailValue700500058'),
(toInt32(7005059),toInt32(7005),'SubDetailValue700500059'),
(toInt32(7005060),toInt32(7005),'SubDetailValue700500060'),
(toInt32(7005061),toInt32(7005),'SubDetailValue700500061'),
(toInt32(7005062),toInt32(7005),'SubDetailValue700500062'),
(toInt32(7005063),toInt32(7005),'SubDetailValue700500063'),
(toInt32(7005064),toInt32(7005),'SubDetailValue700500064'),
(toInt32(7005065),toInt32(7005),'SubDetailValue700500065'),
(toInt32(7005066),toInt32(7005),'SubDetailValue700500066'),
(toInt32(7005067),toInt32(7005),'SubDetailValue700500067'),
(toInt32(7005068),toInt32(7005),'SubDetailValue700500068'),
(toInt32(7005069),toInt32(7005),'SubDetailValue700500069'),
(toInt32(7005070),toInt32(7005),'SubDetailValue700500070'),
(toInt32(7006001),toInt32(7006),'SubDetailValue70060001'),
(toInt32(7006002),toInt32(7006),'SubDetailValue70060002'),
(toInt32(7006003),toInt32(7006),'SubDetailValue70060003'),
(toInt32(7006004),toInt32(7006),'SubDetailValue70060004'),
(toInt32(7006005),toInt32(7006),'SubDetailValue70060005'),
(toInt32(7006006),toInt32(7006),'SubDetailValue70060006'),
(toInt32(7006007),toInt32(7006),'SubDetailValue70060007'),
(toInt32(7006008),toInt32(7006),'SubDetailValue70060008'),
(toInt32(7006009),toInt32(7006),'SubDetailValue70060009'),
(toInt32(7006010),toInt32(7006),'SubDetailValue700600010'),
(toInt32(7006011),toInt32(7006),'SubDetailValue700600011'),
(toInt32(7006012),toInt32(7006),'SubDetailValue700600012'),
(toInt32(7006013),toInt32(7006),'SubDetailValue700600013'),
(toInt32(7006014),toInt32(7006),'SubDetailValue700600014'),
(toInt32(7006015),toInt32(7006),'SubDetailValue700600015'),
(toInt32(7006016),toInt32(7006),'SubDetailValue700600016'),
(toInt32(7006017),toInt32(7006),'SubDetailValue700600017'),
(toInt32(7006018),toInt32(7006),'SubDetailValue700600018'),
(toInt32(7006019),toInt32(7006),'SubDetailValue700600019'),
(toInt32(7006020),toInt32(7006),'SubDetailValue700600020'),
(toInt32(7006021),toInt32(7006),'SubDetailValue700600021'),
(toInt32(7006022),toInt32(7006),'SubDetailValue700600022'),
(toInt32(7006023),toInt32(7006),'SubDetailValue700600023'),
(toInt32(7006024),toInt32(7006),'SubDetailValue700600024'),
(toInt32(7006025),toInt32(7006),'SubDetailValue700600025'),
(toInt32(7006026),toInt32(7006),'SubDetailValue700600026'),
(toInt32(7006027),toInt32(7006),'SubDetailValue700600027'),
(toInt32(7006028),toInt32(7006),'SubDetailValue700600028'),
(toInt32(7006029),toInt32(7006),'SubDetailValue700600029'),
(toInt32(7006030),toInt32(7006),'SubDetailValue700600030'),
(toInt32(7006031),toInt32(7006),'SubDetailValue700600031'),
(toInt32(7006032),toInt32(7006),'SubDetailValue700600032'),
(toInt32(7006033),toInt32(7006),'SubDetailValue700600033'),
(toInt32(7006034),toInt32(7006),'SubDetailValue700600034'),
(toInt32(7006035),toInt32(7006),'SubDetailValue700600035'),
(toInt32(7006036),toInt32(7006),'SubDetailValue700600036'),
(toInt32(7006037),toInt32(7006),'SubDetailValue700600037'),
(toInt32(7006038),toInt32(7006),'SubDetailValue700600038'),
(toInt32(7006039),toInt32(7006),'SubDetailValue700600039'),
(toInt32(7006040),toInt32(7006),'SubDetailValue700600040'),
(toInt32(7006041),toInt32(7006),'SubDetailValue700600041'),
(toInt32(7006042),toInt32(7006),'SubDetailValue700600042'),
(toInt32(7006043),toInt32(7006),'SubDetailValue700600043'),
(toInt32(7006044),toInt32(7006),'SubDetailValue700600044'),
(toInt32(7006045),toInt32(7006),'SubDetailValue700600045'),
(toInt32(7006046),toInt32(7006),'SubDetailValue700600046'),
(toInt32(7006047),toInt32(7006),'SubDetailValue700600047'),
(toInt32(7006048),toInt32(7006),'SubDetailValue700600048'),
(toInt32(7006049),toInt32(7006),'SubDetailValue700600049'),
(toInt32(7006050),toInt32(7006),'SubDetailValue700600050'),
(toInt32(7006051),toInt32(7006),'SubDetailValue700600051'),
(toInt32(7006052),toInt32(7006),'SubDetailValue700600052'),
(toInt32(7006053),toInt32(7006),'SubDetailValue700600053'),
(toInt32(7006054),toInt32(7006),'SubDetailValue700600054'),
(toInt32(7006055),toInt32(7006),'SubDetailValue700600055'),
(toInt32(7006056),toInt32(7006),'SubDetailValue700600056'),
(toInt32(7006057),toInt32(7006),'SubDetailValue700600057'),
(toInt32(7006058),toInt32(7006),'SubDetailValue700600058'),
(toInt32(7006059),toInt32(7006),'SubDetailValue700600059'),
(toInt32(7006060),toInt32(7006),'SubDetailValue700600060'),
(toInt32(7006061),toInt32(7006),'SubDetailValue700600061'),
(toInt32(7006062),toInt32(7006),'SubDetailValue700600062'),
(toInt32(7006063),toInt32(7006),'SubDetailValue700600063'),
(toInt32(7006064),toInt32(7006),'SubDetailValue700600064'),
(toInt32(7006065),toInt32(7006),'SubDetailValue700600065'),
(toInt32(7006066),toInt32(7006),'SubDetailValue700600066'),
(toInt32(7006067),toInt32(7006),'SubDetailValue700600067'),
(toInt32(7006068),toInt32(7006),'SubDetailValue700600068'),
(toInt32(7006069),toInt32(7006),'SubDetailValue700600069'),
(toInt32(7006070),toInt32(7006),'SubDetailValue700600070'),
(toInt32(7007001),toInt32(7007),'SubDetailValue70070001'),
(toInt32(7007002),toInt32(7007),'SubDetailValue70070002'),
(toInt32(7007003),toInt32(7007),'SubDetailValue70070003'),
(toInt32(7007004),toInt32(7007),'SubDetailValue70070004'),
(toInt32(7007005),toInt32(7007),'SubDetailValue70070005'),
(toInt32(7007006),toInt32(7007),'SubDetailValue70070006'),
(toInt32(7007007),toInt32(7007),'SubDetailValue70070007'),
(toInt32(7007008),toInt32(7007),'SubDetailValue70070008'),
(toInt32(7007009),toInt32(7007),'SubDetailValue70070009'),
(toInt32(7007010),toInt32(7007),'SubDetailValue700700010'),
(toInt32(7007011),toInt32(7007),'SubDetailValue700700011'),
(toInt32(7007012),toInt32(7007),'SubDetailValue700700012'),
(toInt32(7007013),toInt32(7007),'SubDetailValue700700013'),
(toInt32(7007014),toInt32(7007),'SubDetailValue700700014'),
(toInt32(7007015),toInt32(7007),'SubDetailValue700700015'),
(toInt32(7007016),toInt32(7007),'SubDetailValue700700016'),
(toInt32(7007017),toInt32(7007),'SubDetailValue700700017'),
(toInt32(7007018),toInt32(7007),'SubDetailValue700700018'),
(toInt32(7007019),toInt32(7007),'SubDetailValue700700019'),
(toInt32(7007020),toInt32(7007),'SubDetailValue700700020'),
(toInt32(7007021),toInt32(7007),'SubDetailValue700700021'),
(toInt32(7007022),toInt32(7007),'SubDetailValue700700022'),
(toInt32(7007023),toInt32(7007),'SubDetailValue700700023'),
(toInt32(7007024),toInt32(7007),'SubDetailValue700700024'),
(toInt32(7007025),toInt32(7007),'SubDetailValue700700025'),
(toInt32(7007026),toInt32(7007),'SubDetailValue700700026'),
(toInt32(7007027),toInt32(7007),'SubDetailValue700700027'),
(toInt32(7007028),toInt32(7007),'SubDetailValue700700028'),
(toInt32(7007029),toInt32(7007),'SubDetailValue700700029'),
(toInt32(7007030),toInt32(7007),'SubDetailValue700700030'),
(toInt32(7007031),toInt32(7007),'SubDetailValue700700031'),
(toInt32(7007032),toInt32(7007),'SubDetailValue700700032'),
(toInt32(7007033),toInt32(7007),'SubDetailValue700700033'),
(toInt32(7007034),toInt32(7007),'SubDetailValue700700034'),
(toInt32(7007035),toInt32(7007),'SubDetailValue700700035'),
(toInt32(7007036),toInt32(7007),'SubDetailValue700700036'),
(toInt32(7007037),toInt32(7007),'SubDetailValue700700037'),
(toInt32(7007038),toInt32(7007),'SubDetailValue700700038'),
(toInt32(7007039),toInt32(7007),'SubDetailValue700700039'),
(toInt32(7007040),toInt32(7007),'SubDetailValue700700040'),
(toInt32(7007041),toInt32(7007),'SubDetailValue700700041'),
(toInt32(7007042),toInt32(7007),'SubDetailValue700700042'),
(toInt32(7007043),toInt32(7007),'SubDetailValue700700043'),
(toInt32(7007044),toInt32(7007),'SubDetailValue700700044'),
(toInt32(7007045),toInt32(7007),'SubDetailValue700700045'),
(toInt32(7007046),toInt32(7007),'SubDetailValue700700046'),
(toInt32(7007047),toInt32(7007),'SubDetailValue700700047'),
(toInt32(7007048),toInt32(7007),'SubDetailValue700700048'),
(toInt32(7007049),toInt32(7007),'SubDetailValue700700049'),
(toInt32(7007050),toInt32(7007),'SubDetailValue700700050'),
(toInt32(7007051),toInt32(7007),'SubDetailValue700700051'),
(toInt32(7007052),toInt32(7007),'SubDetailValue700700052'),
(toInt32(7007053),toInt32(7007),'SubDetailValue700700053'),
(toInt32(7007054),toInt32(7007),'SubDetailValue700700054'),
(toInt32(7007055),toInt32(7007),'SubDetailValue700700055'),
(toInt32(7007056),toInt32(7007),'SubDetailValue700700056'),
(toInt32(7007057),toInt32(7007),'SubDetailValue700700057'),
(toInt32(7007058),toInt32(7007),'SubDetailValue700700058'),
(toInt32(7007059),toInt32(7007),'SubDetailValue700700059'),
(toInt32(7007060),toInt32(7007),'SubDetailValue700700060'),
(toInt32(7007061),toInt32(7007),'SubDetailValue700700061'),
(toInt32(7007062),toInt32(7007),'SubDetailValue700700062'),
(toInt32(7007063),toInt32(7007),'SubDetailValue700700063'),
(toInt32(7007064),toInt32(7007),'SubDetailValue700700064'),
(toInt32(7007065),toInt32(7007),'SubDetailValue700700065'),
(toInt32(7007066),toInt32(7007),'SubDetailValue700700066'),
(toInt32(7007067),toInt32(7007),'SubDetailValue700700067'),
(toInt32(7007068),toInt32(7007),'SubDetailValue700700068'),
(toInt32(7007069),toInt32(7007),'SubDetailValue700700069'),
(toInt32(7007070),toInt32(7007),'SubDetailValue700700070'),
(toInt32(9001001),toInt32(9001),'SubDetailValue90010001'),
(toInt32(9001002),toInt32(9001),'SubDetailValue90010002'),
(toInt32(9001003),toInt32(9001),'SubDetailValue90010003'),
(toInt32(9001004),toInt32(9001),'SubDetailValue90010004'),
(toInt32(9001005),toInt32(9001),'SubDetailValue90010005'),
(toInt32(9001006),toInt32(9001),'SubDetailValue90010006'),
(toInt32(9001007),toInt32(9001),'SubDetailValue90010007'),
(toInt32(9001008),toInt32(9001),'SubDetailValue90010008'),
(toInt32(9001009),toInt32(9001),'SubDetailValue90010009'),
(toInt32(9001010),toInt32(9001),'SubDetailValue900100010'),
(toInt32(9001011),toInt32(9001),'SubDetailValue900100011'),
(toInt32(9001012),toInt32(9001),'SubDetailValue900100012'),
(toInt32(9001013),toInt32(9001),'SubDetailValue900100013'),
(toInt32(9001014),toInt32(9001),'SubDetailValue900100014'),
(toInt32(9001015),toInt32(9001),'SubDetailValue900100015'),
(toInt32(9001016),toInt32(9001),'SubDetailValue900100016'),
(toInt32(9001017),toInt32(9001),'SubDetailValue900100017'),
(toInt32(9001018),toInt32(9001),'SubDetailValue900100018'),
(toInt32(9001019),toInt32(9001),'SubDetailValue900100019'),
(toInt32(9001020),toInt32(9001),'SubDetailValue900100020'),
(toInt32(9001021),toInt32(9001),'SubDetailValue900100021'),
(toInt32(9001022),toInt32(9001),'SubDetailValue900100022'),
(toInt32(9001023),toInt32(9001),'SubDetailValue900100023'),
(toInt32(9001024),toInt32(9001),'SubDetailValue900100024'),
(toInt32(9001025),toInt32(9001),'SubDetailValue900100025'),
(toInt32(9001026),toInt32(9001),'SubDetailValue900100026'),
(toInt32(9001027),toInt32(9001),'SubDetailValue900100027'),
(toInt32(9001028),toInt32(9001),'SubDetailValue900100028'),
(toInt32(9001029),toInt32(9001),'SubDetailValue900100029'),
(toInt32(9001030),toInt32(9001),'SubDetailValue900100030'),
(toInt32(9001031),toInt32(9001),'SubDetailValue900100031'),
(toInt32(9001032),toInt32(9001),'SubDetailValue900100032'),
(toInt32(9001033),toInt32(9001),'SubDetailValue900100033'),
(toInt32(9001034),toInt32(9001),'SubDetailValue900100034'),
(toInt32(9001035),toInt32(9001),'SubDetailValue900100035'),
(toInt32(9001036),toInt32(9001),'SubDetailValue900100036'),
(toInt32(9001037),toInt32(9001),'SubDetailValue900100037'),
(toInt32(9001038),toInt32(9001),'SubDetailValue900100038'),
(toInt32(9001039),toInt32(9001),'SubDetailValue900100039'),
(toInt32(9001040),toInt32(9001),'SubDetailValue900100040'),
(toInt32(9001041),toInt32(9001),'SubDetailValue900100041'),
(toInt32(9001042),toInt32(9001),'SubDetailValue900100042'),
(toInt32(9001043),toInt32(9001),'SubDetailValue900100043'),
(toInt32(9001044),toInt32(9001),'SubDetailValue900100044'),
(toInt32(9001045),toInt32(9001),'SubDetailValue900100045'),
(toInt32(9001046),toInt32(9001),'SubDetailValue900100046'),
(toInt32(9001047),toInt32(9001),'SubDetailValue900100047'),
(toInt32(9001048),toInt32(9001),'SubDetailValue900100048'),
(toInt32(9001049),toInt32(9001),'SubDetailValue900100049'),
(toInt32(9001050),toInt32(9001),'SubDetailValue900100050'),
(toInt32(9001051),toInt32(9001),'SubDetailValue900100051'),
(toInt32(9001052),toInt32(9001),'SubDetailValue900100052'),
(toInt32(9001053),toInt32(9001),'SubDetailValue900100053'),
(toInt32(9001054),toInt32(9001),'SubDetailValue900100054'),
(toInt32(9001055),toInt32(9001),'SubDetailValue900100055'),
(toInt32(9001056),toInt32(9001),'SubDetailValue900100056'),
(toInt32(9001057),toInt32(9001),'SubDetailValue900100057'),
(toInt32(9001058),toInt32(9001),'SubDetailValue900100058'),
(toInt32(9001059),toInt32(9001),'SubDetailValue900100059'),
(toInt32(9001060),toInt32(9001),'SubDetailValue900100060'),
(toInt32(9001061),toInt32(9001),'SubDetailValue900100061'),
(toInt32(9001062),toInt32(9001),'SubDetailValue900100062'),
(toInt32(9001063),toInt32(9001),'SubDetailValue900100063'),
(toInt32(9001064),toInt32(9001),'SubDetailValue900100064'),
(toInt32(9001065),toInt32(9001),'SubDetailValue900100065'),
(toInt32(9001066),toInt32(9001),'SubDetailValue900100066'),
(toInt32(9001067),toInt32(9001),'SubDetailValue900100067'),
(toInt32(9001068),toInt32(9001),'SubDetailValue900100068'),
(toInt32(9001069),toInt32(9001),'SubDetailValue900100069'),
(toInt32(9001070),toInt32(9001),'SubDetailValue900100070'),
(toInt32(9001071),toInt32(9001),'SubDetailValue900100071'),
(toInt32(9001072),toInt32(9001),'SubDetailValue900100072'),
(toInt32(9001073),toInt32(9001),'SubDetailValue900100073'),
(toInt32(9001074),toInt32(9001),'SubDetailValue900100074'),
(toInt32(9001075),toInt32(9001),'SubDetailValue900100075'),
(toInt32(9001076),toInt32(9001),'SubDetailValue900100076'),
(toInt32(9001077),toInt32(9001),'SubDetailValue900100077'),
(toInt32(9001078),toInt32(9001),'SubDetailValue900100078'),
(toInt32(9001079),toInt32(9001),'SubDetailValue900100079'),
(toInt32(9001080),toInt32(9001),'SubDetailValue900100080'),
(toInt32(9001081),toInt32(9001),'SubDetailValue900100081'),
(toInt32(9001082),toInt32(9001),'SubDetailValue900100082'),
(toInt32(9001083),toInt32(9001),'SubDetailValue900100083'),
(toInt32(9001084),toInt32(9001),'SubDetailValue900100084'),
(toInt32(9001085),toInt32(9001),'SubDetailValue900100085'),
(toInt32(9001086),toInt32(9001),'SubDetailValue900100086'),
(toInt32(9001087),toInt32(9001),'SubDetailValue900100087'),
(toInt32(9001088),toInt32(9001),'SubDetailValue900100088'),
(toInt32(9001089),toInt32(9001),'SubDetailValue900100089'),
(toInt32(9001090),toInt32(9001),'SubDetailValue900100090'),
(toInt32(9002001),toInt32(9002),'SubDetailValue90020001'),
(toInt32(9002002),toInt32(9002),'SubDetailValue90020002'),
(toInt32(9002003),toInt32(9002),'SubDetailValue90020003'),
(toInt32(9002004),toInt32(9002),'SubDetailValue90020004'),
(toInt32(9002005),toInt32(9002),'SubDetailValue90020005'),
(toInt32(9002006),toInt32(9002),'SubDetailValue90020006'),
(toInt32(9002007),toInt32(9002),'SubDetailValue90020007'),
(toInt32(9002008),toInt32(9002),'SubDetailValue90020008'),
(toInt32(9002009),toInt32(9002),'SubDetailValue90020009'),
(toInt32(9002010),toInt32(9002),'SubDetailValue900200010'),
(toInt32(9002011),toInt32(9002),'SubDetailValue900200011'),
(toInt32(9002012),toInt32(9002),'SubDetailValue900200012'),
(toInt32(9002013),toInt32(9002),'SubDetailValue900200013'),
(toInt32(9002014),toInt32(9002),'SubDetailValue900200014'),
(toInt32(9002015),toInt32(9002),'SubDetailValue900200015'),
(toInt32(9002016),toInt32(9002),'SubDetailValue900200016'),
(toInt32(9002017),toInt32(9002),'SubDetailValue900200017'),
(toInt32(9002018),toInt32(9002),'SubDetailValue900200018'),
(toInt32(9002019),toInt32(9002),'SubDetailValue900200019'),
(toInt32(9002020),toInt32(9002),'SubDetailValue900200020'),
(toInt32(9002021),toInt32(9002),'SubDetailValue900200021'),
(toInt32(9002022),toInt32(9002),'SubDetailValue900200022'),
(toInt32(9002023),toInt32(9002),'SubDetailValue900200023'),
(toInt32(9002024),toInt32(9002),'SubDetailValue900200024'),
(toInt32(9002025),toInt32(9002),'SubDetailValue900200025'),
(toInt32(9002026),toInt32(9002),'SubDetailValue900200026'),
(toInt32(9002027),toInt32(9002),'SubDetailValue900200027'),
(toInt32(9002028),toInt32(9002),'SubDetailValue900200028'),
(toInt32(9002029),toInt32(9002),'SubDetailValue900200029'),
(toInt32(9002030),toInt32(9002),'SubDetailValue900200030'),
(toInt32(9002031),toInt32(9002),'SubDetailValue900200031'),
(toInt32(9002032),toInt32(9002),'SubDetailValue900200032'),
(toInt32(9002033),toInt32(9002),'SubDetailValue900200033'),
(toInt32(9002034),toInt32(9002),'SubDetailValue900200034'),
(toInt32(9002035),toInt32(9002),'SubDetailValue900200035'),
(toInt32(9002036),toInt32(9002),'SubDetailValue900200036'),
(toInt32(9002037),toInt32(9002),'SubDetailValue900200037'),
(toInt32(9002038),toInt32(9002),'SubDetailValue900200038'),
(toInt32(9002039),toInt32(9002),'SubDetailValue900200039'),
(toInt32(9002040),toInt32(9002),'SubDetailValue900200040'),
(toInt32(9002041),toInt32(9002),'SubDetailValue900200041'),
(toInt32(9002042),toInt32(9002),'SubDetailValue900200042'),
(toInt32(9002043),toInt32(9002),'SubDetailValue900200043'),
(toInt32(9002044),toInt32(9002),'SubDetailValue900200044'),
(toInt32(9002045),toInt32(9002),'SubDetailValue900200045'),
(toInt32(9002046),toInt32(9002),'SubDetailValue900200046'),
(toInt32(9002047),toInt32(9002),'SubDetailValue900200047'),
(toInt32(9002048),toInt32(9002),'SubDetailValue900200048'),
(toInt32(9002049),toInt32(9002),'SubDetailValue900200049'),
(toInt32(9002050),toInt32(9002),'SubDetailValue900200050'),
(toInt32(9002051),toInt32(9002),'SubDetailValue900200051'),
(toInt32(9002052),toInt32(9002),'SubDetailValue900200052'),
(toInt32(9002053),toInt32(9002),'SubDetailValue900200053'),
(toInt32(9002054),toInt32(9002),'SubDetailValue900200054'),
(toInt32(9002055),toInt32(9002),'SubDetailValue900200055'),
(toInt32(9002056),toInt32(9002),'SubDetailValue900200056'),
(toInt32(9002057),toInt32(9002),'SubDetailValue900200057'),
(toInt32(9002058),toInt32(9002),'SubDetailValue900200058'),
(toInt32(9002059),toInt32(9002),'SubDetailValue900200059'),
(toInt32(9002060),toInt32(9002),'SubDetailValue900200060'),
(toInt32(9002061),toInt32(9002),'SubDetailValue900200061'),
(toInt32(9002062),toInt32(9002),'SubDetailValue900200062'),
(toInt32(9002063),toInt32(9002),'SubDetailValue900200063'),
(toInt32(9002064),toInt32(9002),'SubDetailValue900200064'),
(toInt32(9002065),toInt32(9002),'SubDetailValue900200065'),
(toInt32(9002066),toInt32(9002),'SubDetailValue900200066'),
(toInt32(9002067),toInt32(9002),'SubDetailValue900200067'),
(toInt32(9002068),toInt32(9002),'SubDetailValue900200068'),
(toInt32(9002069),toInt32(9002),'SubDetailValue900200069'),
(toInt32(9002070),toInt32(9002),'SubDetailValue900200070')

BeforeExecute
-- ClickHouse.Client ClickHouse

INSERT INTO SubDetailClass
(
	SubDetailId,
	DetailId,
	SubDetailValue
)
VALUES
(toInt32(9002071),toInt32(9002),'SubDetailValue900200071'),
(toInt32(9002072),toInt32(9002),'SubDetailValue900200072'),
(toInt32(9002073),toInt32(9002),'SubDetailValue900200073'),
(toInt32(9002074),toInt32(9002),'SubDetailValue900200074'),
(toInt32(9002075),toInt32(9002),'SubDetailValue900200075'),
(toInt32(9002076),toInt32(9002),'SubDetailValue900200076'),
(toInt32(9002077),toInt32(9002),'SubDetailValue900200077'),
(toInt32(9002078),toInt32(9002),'SubDetailValue900200078'),
(toInt32(9002079),toInt32(9002),'SubDetailValue900200079'),
(toInt32(9002080),toInt32(9002),'SubDetailValue900200080'),
(toInt32(9002081),toInt32(9002),'SubDetailValue900200081'),
(toInt32(9002082),toInt32(9002),'SubDetailValue900200082'),
(toInt32(9002083),toInt32(9002),'SubDetailValue900200083'),
(toInt32(9002084),toInt32(9002),'SubDetailValue900200084'),
(toInt32(9002085),toInt32(9002),'SubDetailValue900200085'),
(toInt32(9002086),toInt32(9002),'SubDetailValue900200086'),
(toInt32(9002087),toInt32(9002),'SubDetailValue900200087'),
(toInt32(9002088),toInt32(9002),'SubDetailValue900200088'),
(toInt32(9002089),toInt32(9002),'SubDetailValue900200089'),
(toInt32(9002090),toInt32(9002),'SubDetailValue900200090'),
(toInt32(9003001),toInt32(9003),'SubDetailValue90030001'),
(toInt32(9003002),toInt32(9003),'SubDetailValue90030002'),
(toInt32(9003003),toInt32(9003),'SubDetailValue90030003'),
(toInt32(9003004),toInt32(9003),'SubDetailValue90030004'),
(toInt32(9003005),toInt32(9003),'SubDetailValue90030005'),
(toInt32(9003006),toInt32(9003),'SubDetailValue90030006'),
(toInt32(9003007),toInt32(9003),'SubDetailValue90030007'),
(toInt32(9003008),toInt32(9003),'SubDetailValue90030008'),
(toInt32(9003009),toInt32(9003),'SubDetailValue90030009'),
(toInt32(9003010),toInt32(9003),'SubDetailValue900300010'),
(toInt32(9003011),toInt32(9003),'SubDetailValue900300011'),
(toInt32(9003012),toInt32(9003),'SubDetailValue900300012'),
(toInt32(9003013),toInt32(9003),'SubDetailValue900300013'),
(toInt32(9003014),toInt32(9003),'SubDetailValue900300014'),
(toInt32(9003015),toInt32(9003),'SubDetailValue900300015'),
(toInt32(9003016),toInt32(9003),'SubDetailValue900300016'),
(toInt32(9003017),toInt32(9003),'SubDetailValue900300017'),
(toInt32(9003018),toInt32(9003),'SubDetailValue900300018'),
(toInt32(9003019),toInt32(9003),'SubDetailValue900300019'),
(toInt32(9003020),toInt32(9003),'SubDetailValue900300020'),
(toInt32(9003021),toInt32(9003),'SubDetailValue900300021'),
(toInt32(9003022),toInt32(9003),'SubDetailValue900300022'),
(toInt32(9003023),toInt32(9003),'SubDetailValue900300023'),
(toInt32(9003024),toInt32(9003),'SubDetailValue900300024'),
(toInt32(9003025),toInt32(9003),'SubDetailValue900300025'),
(toInt32(9003026),toInt32(9003),'SubDetailValue900300026'),
(toInt32(9003027),toInt32(9003),'SubDetailValue900300027'),
(toInt32(9003028),toInt32(9003),'SubDetailValue900300028'),
(toInt32(9003029),toInt32(9003),'SubDetailValue900300029'),
(toInt32(9003030),toInt32(9003),'SubDetailValue900300030'),
(toInt32(9003031),toInt32(9003),'SubDetailValue900300031'),
(toInt32(9003032),toInt32(9003),'SubDetailValue900300032'),
(toInt32(9003033),toInt32(9003),'SubDetailValue900300033'),
(toInt32(9003034),toInt32(9003),'SubDetailValue900300034'),
(toInt32(9003035),toInt32(9003),'SubDetailValue900300035'),
(toInt32(9003036),toInt32(9003),'SubDetailValue900300036'),
(toInt32(9003037),toInt32(9003),'SubDetailValue900300037'),
(toInt32(9003038),toInt32(9003),'SubDetailValue900300038'),
(toInt32(9003039),toInt32(9003),'SubDetailValue900300039'),
(toInt32(9003040),toInt32(9003),'SubDetailValue900300040'),
(toInt32(9003041),toInt32(9003),'SubDetailValue900300041'),
(toInt32(9003042),toInt32(9003),'SubDetailValue900300042'),
(toInt32(9003043),toInt32(9003),'SubDetailValue900300043'),
(toInt32(9003044),toInt32(9003),'SubDetailValue900300044'),
(toInt32(9003045),toInt32(9003),'SubDetailValue900300045'),
(toInt32(9003046),toInt32(9003),'SubDetailValue900300046'),
(toInt32(9003047),toInt32(9003),'SubDetailValue900300047'),
(toInt32(9003048),toInt32(9003),'SubDetailValue900300048'),
(toInt32(9003049),toInt32(9003),'SubDetailValue900300049'),
(toInt32(9003050),toInt32(9003),'SubDetailValue900300050'),
(toInt32(9003051),toInt32(9003),'SubDetailValue900300051'),
(toInt32(9003052),toInt32(9003),'SubDetailValue900300052'),
(toInt32(9003053),toInt32(9003),'SubDetailValue900300053'),
(toInt32(9003054),toInt32(9003),'SubDetailValue900300054'),
(toInt32(9003055),toInt32(9003),'SubDetailValue900300055'),
(toInt32(9003056),toInt32(9003),'SubDetailValue900300056'),
(toInt32(9003057),toInt32(9003),'SubDetailValue900300057'),
(toInt32(9003058),toInt32(9003),'SubDetailValue900300058'),
(toInt32(9003059),toInt32(9003),'SubDetailValue900300059'),
(toInt32(9003060),toInt32(9003),'SubDetailValue900300060'),
(toInt32(9003061),toInt32(9003),'SubDetailValue900300061'),
(toInt32(9003062),toInt32(9003),'SubDetailValue900300062'),
(toInt32(9003063),toInt32(9003),'SubDetailValue900300063'),
(toInt32(9003064),toInt32(9003),'SubDetailValue900300064'),
(toInt32(9003065),toInt32(9003),'SubDetailValue900300065'),
(toInt32(9003066),toInt32(9003),'SubDetailValue900300066'),
(toInt32(9003067),toInt32(9003),'SubDetailValue900300067'),
(toInt32(9003068),toInt32(9003),'SubDetailValue900300068'),
(toInt32(9003069),toInt32(9003),'SubDetailValue900300069'),
(toInt32(9003070),toInt32(9003),'SubDetailValue900300070'),
(toInt32(9003071),toInt32(9003),'SubDetailValue900300071'),
(toInt32(9003072),toInt32(9003),'SubDetailValue900300072'),
(toInt32(9003073),toInt32(9003),'SubDetailValue900300073'),
(toInt32(9003074),toInt32(9003),'SubDetailValue900300074'),
(toInt32(9003075),toInt32(9003),'SubDetailValue900300075'),
(toInt32(9003076),toInt32(9003),'SubDetailValue900300076'),
(toInt32(9003077),toInt32(9003),'SubDetailValue900300077'),
(toInt32(9003078),toInt32(9003),'SubDetailValue900300078'),
(toInt32(9003079),toInt32(9003),'SubDetailValue900300079'),
(toInt32(9003080),toInt32(9003),'SubDetailValue900300080'),
(toInt32(9003081),toInt32(9003),'SubDetailValue900300081'),
(toInt32(9003082),toInt32(9003),'SubDetailValue900300082'),
(toInt32(9003083),toInt32(9003),'SubDetailValue900300083'),
(toInt32(9003084),toInt32(9003),'SubDetailValue900300084'),
(toInt32(9003085),toInt32(9003),'SubDetailValue900300085'),
(toInt32(9003086),toInt32(9003),'SubDetailValue900300086'),
(toInt32(9003087),toInt32(9003),'SubDetailValue900300087'),
(toInt32(9003088),toInt32(9003),'SubDetailValue900300088'),
(toInt32(9003089),toInt32(9003),'SubDetailValue900300089'),
(toInt32(9003090),toInt32(9003),'SubDetailValue900300090'),
(toInt32(9004001),toInt32(9004),'SubDetailValue90040001'),
(toInt32(9004002),toInt32(9004),'SubDetailValue90040002'),
(toInt32(9004003),toInt32(9004),'SubDetailValue90040003'),
(toInt32(9004004),toInt32(9004),'SubDetailValue90040004'),
(toInt32(9004005),toInt32(9004),'SubDetailValue90040005'),
(toInt32(9004006),toInt32(9004),'SubDetailValue90040006'),
(toInt32(9004007),toInt32(9004),'SubDetailValue90040007'),
(toInt32(9004008),toInt32(9004),'SubDetailValue90040008'),
(toInt32(9004009),toInt32(9004),'SubDetailValue90040009'),
(toInt32(9004010),toInt32(9004),'SubDetailValue900400010'),
(toInt32(9004011),toInt32(9004),'SubDetailValue900400011'),
(toInt32(9004012),toInt32(9004),'SubDetailValue900400012'),
(toInt32(9004013),toInt32(9004),'SubDetailValue900400013'),
(toInt32(9004014),toInt32(9004),'SubDetailValue900400014'),
(toInt32(9004015),toInt32(9004),'SubDetailValue900400015'),
(toInt32(9004016),toInt32(9004),'SubDetailValue900400016'),
(toInt32(9004017),toInt32(9004),'SubDetailValue900400017'),
(toInt32(9004018),toInt32(9004),'SubDetailValue900400018'),
(toInt32(9004019),toInt32(9004),'SubDetailValue900400019'),
(toInt32(9004020),toInt32(9004),'SubDetailValue900400020'),
(toInt32(9004021),toInt32(9004),'SubDetailValue900400021'),
(toInt32(9004022),toInt32(9004),'SubDetailValue900400022'),
(toInt32(9004023),toInt32(9004),'SubDetailValue900400023'),
(toInt32(9004024),toInt32(9004),'SubDetailValue900400024'),
(toInt32(9004025),toInt32(9004),'SubDetailValue900400025'),
(toInt32(9004026),toInt32(9004),'SubDetailValue900400026'),
(toInt32(9004027),toInt32(9004),'SubDetailValue900400027'),
(toInt32(9004028),toInt32(9004),'SubDetailValue900400028'),
(toInt32(9004029),toInt32(9004),'SubDetailValue900400029'),
(toInt32(9004030),toInt32(9004),'SubDetailValue900400030'),
(toInt32(9004031),toInt32(9004),'SubDetailValue900400031'),
(toInt32(9004032),toInt32(9004),'SubDetailValue900400032'),
(toInt32(9004033),toInt32(9004),'SubDetailValue900400033'),
(toInt32(9004034),toInt32(9004),'SubDetailValue900400034'),
(toInt32(9004035),toInt32(9004),'SubDetailValue900400035'),
(toInt32(9004036),toInt32(9004),'SubDetailValue900400036'),
(toInt32(9004037),toInt32(9004),'SubDetailValue900400037'),
(toInt32(9004038),toInt32(9004),'SubDetailValue900400038'),
(toInt32(9004039),toInt32(9004),'SubDetailValue900400039'),
(toInt32(9004040),toInt32(9004),'SubDetailValue900400040'),
(toInt32(9004041),toInt32(9004),'SubDetailValue900400041'),
(toInt32(9004042),toInt32(9004),'SubDetailValue900400042'),
(toInt32(9004043),toInt32(9004),'SubDetailValue900400043'),
(toInt32(9004044),toInt32(9004),'SubDetailValue900400044'),
(toInt32(9004045),toInt32(9004),'SubDetailValue900400045'),
(toInt32(9004046),toInt32(9004),'SubDetailValue900400046'),
(toInt32(9004047),toInt32(9004),'SubDetailValue900400047'),
(toInt32(9004048),toInt32(9004),'SubDetailValue900400048'),
(toInt32(9004049),toInt32(9004),'SubDetailValue900400049'),
(toInt32(9004050),toInt32(9004),'SubDetailValue900400050'),
(toInt32(9004051),toInt32(9004),'SubDetailValue900400051'),
(toInt32(9004052),toInt32(9004),'SubDetailValue900400052'),
(toInt32(9004053),toInt32(9004),'SubDetailValue900400053'),
(toInt32(9004054),toInt32(9004),'SubDetailValue900400054'),
(toInt32(9004055),toInt32(9004),'SubDetailValue900400055'),
(toInt32(9004056),toInt32(9004),'SubDetailValue900400056'),
(toInt32(9004057),toInt32(9004),'SubDetailValue900400057'),
(toInt32(9004058),toInt32(9004),'SubDetailValue900400058'),
(toInt32(9004059),toInt32(9004),'SubDetailValue900400059'),
(toInt32(9004060),toInt32(9004),'SubDetailValue900400060'),
(toInt32(9004061),toInt32(9004),'SubDetailValue900400061'),
(toInt32(9004062),toInt32(9004),'SubDetailValue900400062'),
(toInt32(9004063),toInt32(9004),'SubDetailValue900400063'),
(toInt32(9004064),toInt32(9004),'SubDetailValue900400064'),
(toInt32(9004065),toInt32(9004),'SubDetailValue900400065'),
(toInt32(9004066),toInt32(9004),'SubDetailValue900400066'),
(toInt32(9004067),toInt32(9004),'SubDetailValue900400067'),
(toInt32(9004068),toInt32(9004),'SubDetailValue900400068'),
(toInt32(9004069),toInt32(9004),'SubDetailValue900400069'),
(toInt32(9004070),toInt32(9004),'SubDetailValue900400070'),
(toInt32(9004071),toInt32(9004),'SubDetailValue900400071'),
(toInt32(9004072),toInt32(9004),'SubDetailValue900400072'),
(toInt32(9004073),toInt32(9004),'SubDetailValue900400073'),
(toInt32(9004074),toInt32(9004),'SubDetailValue900400074'),
(toInt32(9004075),toInt32(9004),'SubDetailValue900400075'),
(toInt32(9004076),toInt32(9004),'SubDetailValue900400076'),
(toInt32(9004077),toInt32(9004),'SubDetailValue900400077'),
(toInt32(9004078),toInt32(9004),'SubDetailValue900400078'),
(toInt32(9004079),toInt32(9004),'SubDetailValue900400079'),
(toInt32(9004080),toInt32(9004),'SubDetailValue900400080'),
(toInt32(9004081),toInt32(9004),'SubDetailValue900400081'),
(toInt32(9004082),toInt32(9004),'SubDetailValue900400082'),
(toInt32(9004083),toInt32(9004),'SubDetailValue900400083'),
(toInt32(9004084),toInt32(9004),'SubDetailValue900400084'),
(toInt32(9004085),toInt32(9004),'SubDetailValue900400085'),
(toInt32(9004086),toInt32(9004),'SubDetailValue900400086'),
(toInt32(9004087),toInt32(9004),'SubDetailValue900400087'),
(toInt32(9004088),toInt32(9004),'SubDetailValue900400088'),
(toInt32(9004089),toInt32(9004),'SubDetailValue900400089'),
(toInt32(9004090),toInt32(9004),'SubDetailValue900400090'),
(toInt32(9005001),toInt32(9005),'SubDetailValue90050001'),
(toInt32(9005002),toInt32(9005),'SubDetailValue90050002'),
(toInt32(9005003),toInt32(9005),'SubDetailValue90050003'),
(toInt32(9005004),toInt32(9005),'SubDetailValue90050004'),
(toInt32(9005005),toInt32(9005),'SubDetailValue90050005'),
(toInt32(9005006),toInt32(9005),'SubDetailValue90050006'),
(toInt32(9005007),toInt32(9005),'SubDetailValue90050007'),
(toInt32(9005008),toInt32(9005),'SubDetailValue90050008'),
(toInt32(9005009),toInt32(9005),'SubDetailValue90050009'),
(toInt32(9005010),toInt32(9005),'SubDetailValue900500010'),
(toInt32(9005011),toInt32(9005),'SubDetailValue900500011'),
(toInt32(9005012),toInt32(9005),'SubDetailValue900500012'),
(toInt32(9005013),toInt32(9005),'SubDetailValue900500013'),
(toInt32(9005014),toInt32(9005),'SubDetailValue900500014'),
(toInt32(9005015),toInt32(9005),'SubDetailValue900500015'),
(toInt32(9005016),toInt32(9005),'SubDetailValue900500016'),
(toInt32(9005017),toInt32(9005),'SubDetailValue900500017'),
(toInt32(9005018),toInt32(9005),'SubDetailValue900500018'),
(toInt32(9005019),toInt32(9005),'SubDetailValue900500019'),
(toInt32(9005020),toInt32(9005),'SubDetailValue900500020'),
(toInt32(9005021),toInt32(9005),'SubDetailValue900500021'),
(toInt32(9005022),toInt32(9005),'SubDetailValue900500022'),
(toInt32(9005023),toInt32(9005),'SubDetailValue900500023'),
(toInt32(9005024),toInt32(9005),'SubDetailValue900500024'),
(toInt32(9005025),toInt32(9005),'SubDetailValue900500025'),
(toInt32(9005026),toInt32(9005),'SubDetailValue900500026'),
(toInt32(9005027),toInt32(9005),'SubDetailValue900500027'),
(toInt32(9005028),toInt32(9005),'SubDetailValue900500028'),
(toInt32(9005029),toInt32(9005),'SubDetailValue900500029'),
(toInt32(9005030),toInt32(9005),'SubDetailValue900500030'),
(toInt32(9005031),toInt32(9005),'SubDetailValue900500031'),
(toInt32(9005032),toInt32(9005),'SubDetailValue900500032'),
(toInt32(9005033),toInt32(9005),'SubDetailValue900500033'),
(toInt32(9005034),toInt32(9005),'SubDetailValue900500034'),
(toInt32(9005035),toInt32(9005),'SubDetailValue900500035'),
(toInt32(9005036),toInt32(9005),'SubDetailValue900500036'),
(toInt32(9005037),toInt32(9005),'SubDetailValue900500037'),
(toInt32(9005038),toInt32(9005),'SubDetailValue900500038'),
(toInt32(9005039),toInt32(9005),'SubDetailValue900500039'),
(toInt32(9005040),toInt32(9005),'SubDetailValue900500040'),
(toInt32(9005041),toInt32(9005),'SubDetailValue900500041'),
(toInt32(9005042),toInt32(9005),'SubDetailValue900500042'),
(toInt32(9005043),toInt32(9005),'SubDetailValue900500043'),
(toInt32(9005044),toInt32(9005),'SubDetailValue900500044'),
(toInt32(9005045),toInt32(9005),'SubDetailValue900500045'),
(toInt32(9005046),toInt32(9005),'SubDetailValue900500046'),
(toInt32(9005047),toInt32(9005),'SubDetailValue900500047'),
(toInt32(9005048),toInt32(9005),'SubDetailValue900500048'),
(toInt32(9005049),toInt32(9005),'SubDetailValue900500049'),
(toInt32(9005050),toInt32(9005),'SubDetailValue900500050'),
(toInt32(9005051),toInt32(9005),'SubDetailValue900500051'),
(toInt32(9005052),toInt32(9005),'SubDetailValue900500052'),
(toInt32(9005053),toInt32(9005),'SubDetailValue900500053'),
(toInt32(9005054),toInt32(9005),'SubDetailValue900500054'),
(toInt32(9005055),toInt32(9005),'SubDetailValue900500055'),
(toInt32(9005056),toInt32(9005),'SubDetailValue900500056'),
(toInt32(9005057),toInt32(9005),'SubDetailValue900500057'),
(toInt32(9005058),toInt32(9005),'SubDetailValue900500058'),
(toInt32(9005059),toInt32(9005),'SubDetailValue900500059'),
(toInt32(9005060),toInt32(9005),'SubDetailValue900500060'),
(toInt32(9005061),toInt32(9005),'SubDetailValue900500061'),
(toInt32(9005062),toInt32(9005),'SubDetailValue900500062'),
(toInt32(9005063),toInt32(9005),'SubDetailValue900500063'),
(toInt32(9005064),toInt32(9005),'SubDetailValue900500064'),
(toInt32(9005065),toInt32(9005),'SubDetailValue900500065'),
(toInt32(9005066),toInt32(9005),'SubDetailValue900500066'),
(toInt32(9005067),toInt32(9005),'SubDetailValue900500067'),
(toInt32(9005068),toInt32(9005),'SubDetailValue900500068'),
(toInt32(9005069),toInt32(9005),'SubDetailValue900500069'),
(toInt32(9005070),toInt32(9005),'SubDetailValue900500070'),
(toInt32(9005071),toInt32(9005),'SubDetailValue900500071'),
(toInt32(9005072),toInt32(9005),'SubDetailValue900500072'),
(toInt32(9005073),toInt32(9005),'SubDetailValue900500073'),
(toInt32(9005074),toInt32(9005),'SubDetailValue900500074'),
(toInt32(9005075),toInt32(9005),'SubDetailValue900500075'),
(toInt32(9005076),toInt32(9005),'SubDetailValue900500076'),
(toInt32(9005077),toInt32(9005),'SubDetailValue900500077'),
(toInt32(9005078),toInt32(9005),'SubDetailValue900500078'),
(toInt32(9005079),toInt32(9005),'SubDetailValue900500079'),
(toInt32(9005080),toInt32(9005),'SubDetailValue900500080'),
(toInt32(9005081),toInt32(9005),'SubDetailValue900500081'),
(toInt32(9005082),toInt32(9005),'SubDetailValue900500082'),
(toInt32(9005083),toInt32(9005),'SubDetailValue900500083'),
(toInt32(9005084),toInt32(9005),'SubDetailValue900500084'),
(toInt32(9005085),toInt32(9005),'SubDetailValue900500085'),
(toInt32(9005086),toInt32(9005),'SubDetailValue900500086'),
(toInt32(9005087),toInt32(9005),'SubDetailValue900500087'),
(toInt32(9005088),toInt32(9005),'SubDetailValue900500088'),
(toInt32(9005089),toInt32(9005),'SubDetailValue900500089'),
(toInt32(9005090),toInt32(9005),'SubDetailValue900500090'),
(toInt32(9006001),toInt32(9006),'SubDetailValue90060001'),
(toInt32(9006002),toInt32(9006),'SubDetailValue90060002'),
(toInt32(9006003),toInt32(9006),'SubDetailValue90060003'),
(toInt32(9006004),toInt32(9006),'SubDetailValue90060004'),
(toInt32(9006005),toInt32(9006),'SubDetailValue90060005'),
(toInt32(9006006),toInt32(9006),'SubDetailValue90060006'),
(toInt32(9006007),toInt32(9006),'SubDetailValue90060007'),
(toInt32(9006008),toInt32(9006),'SubDetailValue90060008'),
(toInt32(9006009),toInt32(9006),'SubDetailValue90060009'),
(toInt32(9006010),toInt32(9006),'SubDetailValue900600010'),
(toInt32(9006011),toInt32(9006),'SubDetailValue900600011'),
(toInt32(9006012),toInt32(9006),'SubDetailValue900600012'),
(toInt32(9006013),toInt32(9006),'SubDetailValue900600013'),
(toInt32(9006014),toInt32(9006),'SubDetailValue900600014'),
(toInt32(9006015),toInt32(9006),'SubDetailValue900600015'),
(toInt32(9006016),toInt32(9006),'SubDetailValue900600016'),
(toInt32(9006017),toInt32(9006),'SubDetailValue900600017'),
(toInt32(9006018),toInt32(9006),'SubDetailValue900600018'),
(toInt32(9006019),toInt32(9006),'SubDetailValue900600019'),
(toInt32(9006020),toInt32(9006),'SubDetailValue900600020'),
(toInt32(9006021),toInt32(9006),'SubDetailValue900600021'),
(toInt32(9006022),toInt32(9006),'SubDetailValue900600022'),
(toInt32(9006023),toInt32(9006),'SubDetailValue900600023'),
(toInt32(9006024),toInt32(9006),'SubDetailValue900600024'),
(toInt32(9006025),toInt32(9006),'SubDetailValue900600025'),
(toInt32(9006026),toInt32(9006),'SubDetailValue900600026'),
(toInt32(9006027),toInt32(9006),'SubDetailValue900600027'),
(toInt32(9006028),toInt32(9006),'SubDetailValue900600028'),
(toInt32(9006029),toInt32(9006),'SubDetailValue900600029'),
(toInt32(9006030),toInt32(9006),'SubDetailValue900600030'),
(toInt32(9006031),toInt32(9006),'SubDetailValue900600031'),
(toInt32(9006032),toInt32(9006),'SubDetailValue900600032'),
(toInt32(9006033),toInt32(9006),'SubDetailValue900600033'),
(toInt32(9006034),toInt32(9006),'SubDetailValue900600034'),
(toInt32(9006035),toInt32(9006),'SubDetailValue900600035'),
(toInt32(9006036),toInt32(9006),'SubDetailValue900600036'),
(toInt32(9006037),toInt32(9006),'SubDetailValue900600037'),
(toInt32(9006038),toInt32(9006),'SubDetailValue900600038'),
(toInt32(9006039),toInt32(9006),'SubDetailValue900600039'),
(toInt32(9006040),toInt32(9006),'SubDetailValue900600040'),
(toInt32(9006041),toInt32(9006),'SubDetailValue900600041'),
(toInt32(9006042),toInt32(9006),'SubDetailValue900600042'),
(toInt32(9006043),toInt32(9006),'SubDetailValue900600043'),
(toInt32(9006044),toInt32(9006),'SubDetailValue900600044'),
(toInt32(9006045),toInt32(9006),'SubDetailValue900600045'),
(toInt32(9006046),toInt32(9006),'SubDetailValue900600046'),
(toInt32(9006047),toInt32(9006),'SubDetailValue900600047'),
(toInt32(9006048),toInt32(9006),'SubDetailValue900600048'),
(toInt32(9006049),toInt32(9006),'SubDetailValue900600049'),
(toInt32(9006050),toInt32(9006),'SubDetailValue900600050'),
(toInt32(9006051),toInt32(9006),'SubDetailValue900600051'),
(toInt32(9006052),toInt32(9006),'SubDetailValue900600052'),
(toInt32(9006053),toInt32(9006),'SubDetailValue900600053'),
(toInt32(9006054),toInt32(9006),'SubDetailValue900600054'),
(toInt32(9006055),toInt32(9006),'SubDetailValue900600055'),
(toInt32(9006056),toInt32(9006),'SubDetailValue900600056'),
(toInt32(9006057),toInt32(9006),'SubDetailValue900600057'),
(toInt32(9006058),toInt32(9006),'SubDetailValue900600058'),
(toInt32(9006059),toInt32(9006),'SubDetailValue900600059'),
(toInt32(9006060),toInt32(9006),'SubDetailValue900600060'),
(toInt32(9006061),toInt32(9006),'SubDetailValue900600061'),
(toInt32(9006062),toInt32(9006),'SubDetailValue900600062'),
(toInt32(9006063),toInt32(9006),'SubDetailValue900600063'),
(toInt32(9006064),toInt32(9006),'SubDetailValue900600064'),
(toInt32(9006065),toInt32(9006),'SubDetailValue900600065'),
(toInt32(9006066),toInt32(9006),'SubDetailValue900600066'),
(toInt32(9006067),toInt32(9006),'SubDetailValue900600067'),
(toInt32(9006068),toInt32(9006),'SubDetailValue900600068'),
(toInt32(9006069),toInt32(9006),'SubDetailValue900600069'),
(toInt32(9006070),toInt32(9006),'SubDetailValue900600070'),
(toInt32(9006071),toInt32(9006),'SubDetailValue900600071'),
(toInt32(9006072),toInt32(9006),'SubDetailValue900600072'),
(toInt32(9006073),toInt32(9006),'SubDetailValue900600073'),
(toInt32(9006074),toInt32(9006),'SubDetailValue900600074'),
(toInt32(9006075),toInt32(9006),'SubDetailValue900600075'),
(toInt32(9006076),toInt32(9006),'SubDetailValue900600076'),
(toInt32(9006077),toInt32(9006),'SubDetailValue900600077'),
(toInt32(9006078),toInt32(9006),'SubDetailValue900600078'),
(toInt32(9006079),toInt32(9006),'SubDetailValue900600079'),
(toInt32(9006080),toInt32(9006),'SubDetailValue900600080'),
(toInt32(9006081),toInt32(9006),'SubDetailValue900600081'),
(toInt32(9006082),toInt32(9006),'SubDetailValue900600082'),
(toInt32(9006083),toInt32(9006),'SubDetailValue900600083'),
(toInt32(9006084),toInt32(9006),'SubDetailValue900600084'),
(toInt32(9006085),toInt32(9006),'SubDetailValue900600085'),
(toInt32(9006086),toInt32(9006),'SubDetailValue900600086'),
(toInt32(9006087),toInt32(9006),'SubDetailValue900600087'),
(toInt32(9006088),toInt32(9006),'SubDetailValue900600088'),
(toInt32(9006089),toInt32(9006),'SubDetailValue900600089'),
(toInt32(9006090),toInt32(9006),'SubDetailValue900600090'),
(toInt32(9007001),toInt32(9007),'SubDetailValue90070001'),
(toInt32(9007002),toInt32(9007),'SubDetailValue90070002'),
(toInt32(9007003),toInt32(9007),'SubDetailValue90070003'),
(toInt32(9007004),toInt32(9007),'SubDetailValue90070004'),
(toInt32(9007005),toInt32(9007),'SubDetailValue90070005'),
(toInt32(9007006),toInt32(9007),'SubDetailValue90070006'),
(toInt32(9007007),toInt32(9007),'SubDetailValue90070007'),
(toInt32(9007008),toInt32(9007),'SubDetailValue90070008'),
(toInt32(9007009),toInt32(9007),'SubDetailValue90070009'),
(toInt32(9007010),toInt32(9007),'SubDetailValue900700010'),
(toInt32(9007011),toInt32(9007),'SubDetailValue900700011'),
(toInt32(9007012),toInt32(9007),'SubDetailValue900700012'),
(toInt32(9007013),toInt32(9007),'SubDetailValue900700013'),
(toInt32(9007014),toInt32(9007),'SubDetailValue900700014'),
(toInt32(9007015),toInt32(9007),'SubDetailValue900700015'),
(toInt32(9007016),toInt32(9007),'SubDetailValue900700016'),
(toInt32(9007017),toInt32(9007),'SubDetailValue900700017'),
(toInt32(9007018),toInt32(9007),'SubDetailValue900700018'),
(toInt32(9007019),toInt32(9007),'SubDetailValue900700019'),
(toInt32(9007020),toInt32(9007),'SubDetailValue900700020'),
(toInt32(9007021),toInt32(9007),'SubDetailValue900700021'),
(toInt32(9007022),toInt32(9007),'SubDetailValue900700022'),
(toInt32(9007023),toInt32(9007),'SubDetailValue900700023'),
(toInt32(9007024),toInt32(9007),'SubDetailValue900700024'),
(toInt32(9007025),toInt32(9007),'SubDetailValue900700025'),
(toInt32(9007026),toInt32(9007),'SubDetailValue900700026'),
(toInt32(9007027),toInt32(9007),'SubDetailValue900700027'),
(toInt32(9007028),toInt32(9007),'SubDetailValue900700028'),
(toInt32(9007029),toInt32(9007),'SubDetailValue900700029'),
(toInt32(9007030),toInt32(9007),'SubDetailValue900700030'),
(toInt32(9007031),toInt32(9007),'SubDetailValue900700031'),
(toInt32(9007032),toInt32(9007),'SubDetailValue900700032'),
(toInt32(9007033),toInt32(9007),'SubDetailValue900700033'),
(toInt32(9007034),toInt32(9007),'SubDetailValue900700034'),
(toInt32(9007035),toInt32(9007),'SubDetailValue900700035'),
(toInt32(9007036),toInt32(9007),'SubDetailValue900700036'),
(toInt32(9007037),toInt32(9007),'SubDetailValue900700037'),
(toInt32(9007038),toInt32(9007),'SubDetailValue900700038'),
(toInt32(9007039),toInt32(9007),'SubDetailValue900700039'),
(toInt32(9007040),toInt32(9007),'SubDetailValue900700040'),
(toInt32(9007041),toInt32(9007),'SubDetailValue900700041'),
(toInt32(9007042),toInt32(9007),'SubDetailValue900700042'),
(toInt32(9007043),toInt32(9007),'SubDetailValue900700043'),
(toInt32(9007044),toInt32(9007),'SubDetailValue900700044'),
(toInt32(9007045),toInt32(9007),'SubDetailValue900700045'),
(toInt32(9007046),toInt32(9007),'SubDetailValue900700046'),
(toInt32(9007047),toInt32(9007),'SubDetailValue900700047'),
(toInt32(9007048),toInt32(9007),'SubDetailValue900700048'),
(toInt32(9007049),toInt32(9007),'SubDetailValue900700049'),
(toInt32(9007050),toInt32(9007),'SubDetailValue900700050'),
(toInt32(9007051),toInt32(9007),'SubDetailValue900700051'),
(toInt32(9007052),toInt32(9007),'SubDetailValue900700052'),
(toInt32(9007053),toInt32(9007),'SubDetailValue900700053'),
(toInt32(9007054),toInt32(9007),'SubDetailValue900700054'),
(toInt32(9007055),toInt32(9007),'SubDetailValue900700055'),
(toInt32(9007056),toInt32(9007),'SubDetailValue900700056'),
(toInt32(9007057),toInt32(9007),'SubDetailValue900700057'),
(toInt32(9007058),toInt32(9007),'SubDetailValue900700058'),
(toInt32(9007059),toInt32(9007),'SubDetailValue900700059'),
(toInt32(9007060),toInt32(9007),'SubDetailValue900700060'),
(toInt32(9007061),toInt32(9007),'SubDetailValue900700061'),
(toInt32(9007062),toInt32(9007),'SubDetailValue900700062'),
(toInt32(9007063),toInt32(9007),'SubDetailValue900700063'),
(toInt32(9007064),toInt32(9007),'SubDetailValue900700064'),
(toInt32(9007065),toInt32(9007),'SubDetailValue900700065'),
(toInt32(9007066),toInt32(9007),'SubDetailValue900700066'),
(toInt32(9007067),toInt32(9007),'SubDetailValue900700067'),
(toInt32(9007068),toInt32(9007),'SubDetailValue900700068'),
(toInt32(9007069),toInt32(9007),'SubDetailValue900700069'),
(toInt32(9007070),toInt32(9007),'SubDetailValue900700070'),
(toInt32(9007071),toInt32(9007),'SubDetailValue900700071'),
(toInt32(9007072),toInt32(9007),'SubDetailValue900700072'),
(toInt32(9007073),toInt32(9007),'SubDetailValue900700073'),
(toInt32(9007074),toInt32(9007),'SubDetailValue900700074'),
(toInt32(9007075),toInt32(9007),'SubDetailValue900700075'),
(toInt32(9007076),toInt32(9007),'SubDetailValue900700076'),
(toInt32(9007077),toInt32(9007),'SubDetailValue900700077'),
(toInt32(9007078),toInt32(9007),'SubDetailValue900700078'),
(toInt32(9007079),toInt32(9007),'SubDetailValue900700079'),
(toInt32(9007080),toInt32(9007),'SubDetailValue900700080'),
(toInt32(9007081),toInt32(9007),'SubDetailValue900700081'),
(toInt32(9007082),toInt32(9007),'SubDetailValue900700082'),
(toInt32(9007083),toInt32(9007),'SubDetailValue900700083'),
(toInt32(9007084),toInt32(9007),'SubDetailValue900700084'),
(toInt32(9007085),toInt32(9007),'SubDetailValue900700085'),
(toInt32(9007086),toInt32(9007),'SubDetailValue900700086'),
(toInt32(9007087),toInt32(9007),'SubDetailValue900700087'),
(toInt32(9007088),toInt32(9007),'SubDetailValue900700088'),
(toInt32(9007089),toInt32(9007),'SubDetailValue900700089'),
(toInt32(9007090),toInt32(9007),'SubDetailValue900700090'),
(toInt32(9008001),toInt32(9008),'SubDetailValue90080001'),
(toInt32(9008002),toInt32(9008),'SubDetailValue90080002'),
(toInt32(9008003),toInt32(9008),'SubDetailValue90080003'),
(toInt32(9008004),toInt32(9008),'SubDetailValue90080004'),
(toInt32(9008005),toInt32(9008),'SubDetailValue90080005'),
(toInt32(9008006),toInt32(9008),'SubDetailValue90080006'),
(toInt32(9008007),toInt32(9008),'SubDetailValue90080007'),
(toInt32(9008008),toInt32(9008),'SubDetailValue90080008'),
(toInt32(9008009),toInt32(9008),'SubDetailValue90080009'),
(toInt32(9008010),toInt32(9008),'SubDetailValue900800010'),
(toInt32(9008011),toInt32(9008),'SubDetailValue900800011'),
(toInt32(9008012),toInt32(9008),'SubDetailValue900800012'),
(toInt32(9008013),toInt32(9008),'SubDetailValue900800013'),
(toInt32(9008014),toInt32(9008),'SubDetailValue900800014'),
(toInt32(9008015),toInt32(9008),'SubDetailValue900800015'),
(toInt32(9008016),toInt32(9008),'SubDetailValue900800016'),
(toInt32(9008017),toInt32(9008),'SubDetailValue900800017'),
(toInt32(9008018),toInt32(9008),'SubDetailValue900800018'),
(toInt32(9008019),toInt32(9008),'SubDetailValue900800019'),
(toInt32(9008020),toInt32(9008),'SubDetailValue900800020'),
(toInt32(9008021),toInt32(9008),'SubDetailValue900800021'),
(toInt32(9008022),toInt32(9008),'SubDetailValue900800022'),
(toInt32(9008023),toInt32(9008),'SubDetailValue900800023'),
(toInt32(9008024),toInt32(9008),'SubDetailValue900800024'),
(toInt32(9008025),toInt32(9008),'SubDetailValue900800025'),
(toInt32(9008026),toInt32(9008),'SubDetailValue900800026'),
(toInt32(9008027),toInt32(9008),'SubDetailValue900800027'),
(toInt32(9008028),toInt32(9008),'SubDetailValue900800028'),
(toInt32(9008029),toInt32(9008),'SubDetailValue900800029'),
(toInt32(9008030),toInt32(9008),'SubDetailValue900800030'),
(toInt32(9008031),toInt32(9008),'SubDetailValue900800031'),
(toInt32(9008032),toInt32(9008),'SubDetailValue900800032'),
(toInt32(9008033),toInt32(9008),'SubDetailValue900800033'),
(toInt32(9008034),toInt32(9008),'SubDetailValue900800034'),
(toInt32(9008035),toInt32(9008),'SubDetailValue900800035'),
(toInt32(9008036),toInt32(9008),'SubDetailValue900800036'),
(toInt32(9008037),toInt32(9008),'SubDetailValue900800037'),
(toInt32(9008038),toInt32(9008),'SubDetailValue900800038'),
(toInt32(9008039),toInt32(9008),'SubDetailValue900800039'),
(toInt32(9008040),toInt32(9008),'SubDetailValue900800040'),
(toInt32(9008041),toInt32(9008),'SubDetailValue900800041'),
(toInt32(9008042),toInt32(9008),'SubDetailValue900800042'),
(toInt32(9008043),toInt32(9008),'SubDetailValue900800043'),
(toInt32(9008044),toInt32(9008),'SubDetailValue900800044'),
(toInt32(9008045),toInt32(9008),'SubDetailValue900800045'),
(toInt32(9008046),toInt32(9008),'SubDetailValue900800046'),
(toInt32(9008047),toInt32(9008),'SubDetailValue900800047'),
(toInt32(9008048),toInt32(9008),'SubDetailValue900800048'),
(toInt32(9008049),toInt32(9008),'SubDetailValue900800049'),
(toInt32(9008050),toInt32(9008),'SubDetailValue900800050'),
(toInt32(9008051),toInt32(9008),'SubDetailValue900800051'),
(toInt32(9008052),toInt32(9008),'SubDetailValue900800052'),
(toInt32(9008053),toInt32(9008),'SubDetailValue900800053'),
(toInt32(9008054),toInt32(9008),'SubDetailValue900800054'),
(toInt32(9008055),toInt32(9008),'SubDetailValue900800055'),
(toInt32(9008056),toInt32(9008),'SubDetailValue900800056'),
(toInt32(9008057),toInt32(9008),'SubDetailValue900800057'),
(toInt32(9008058),toInt32(9008),'SubDetailValue900800058'),
(toInt32(9008059),toInt32(9008),'SubDetailValue900800059'),
(toInt32(9008060),toInt32(9008),'SubDetailValue900800060'),
(toInt32(9008061),toInt32(9008),'SubDetailValue900800061'),
(toInt32(9008062),toInt32(9008),'SubDetailValue900800062'),
(toInt32(9008063),toInt32(9008),'SubDetailValue900800063'),
(toInt32(9008064),toInt32(9008),'SubDetailValue900800064'),
(toInt32(9008065),toInt32(9008),'SubDetailValue900800065'),
(toInt32(9008066),toInt32(9008),'SubDetailValue900800066'),
(toInt32(9008067),toInt32(9008),'SubDetailValue900800067'),
(toInt32(9008068),toInt32(9008),'SubDetailValue900800068'),
(toInt32(9008069),toInt32(9008),'SubDetailValue900800069'),
(toInt32(9008070),toInt32(9008),'SubDetailValue900800070'),
(toInt32(9008071),toInt32(9008),'SubDetailValue900800071'),
(toInt32(9008072),toInt32(9008),'SubDetailValue900800072'),
(toInt32(9008073),toInt32(9008),'SubDetailValue900800073'),
(toInt32(9008074),toInt32(9008),'SubDetailValue900800074'),
(toInt32(9008075),toInt32(9008),'SubDetailValue900800075'),
(toInt32(9008076),toInt32(9008),'SubDetailValue900800076'),
(toInt32(9008077),toInt32(9008),'SubDetailValue900800077'),
(toInt32(9008078),toInt32(9008),'SubDetailValue900800078'),
(toInt32(9008079),toInt32(9008),'SubDetailValue900800079'),
(toInt32(9008080),toInt32(9008),'SubDetailValue900800080'),
(toInt32(9008081),toInt32(9008),'SubDetailValue900800081'),
(toInt32(9008082),toInt32(9008),'SubDetailValue900800082'),
(toInt32(9008083),toInt32(9008),'SubDetailValue900800083'),
(toInt32(9008084),toInt32(9008),'SubDetailValue900800084'),
(toInt32(9008085),toInt32(9008),'SubDetailValue900800085'),
(toInt32(9008086),toInt32(9008),'SubDetailValue900800086'),
(toInt32(9008087),toInt32(9008),'SubDetailValue900800087'),
(toInt32(9008088),toInt32(9008),'SubDetailValue900800088'),
(toInt32(9008089),toInt32(9008),'SubDetailValue900800089'),
(toInt32(9008090),toInt32(9008),'SubDetailValue900800090'),
(toInt32(9009001),toInt32(9009),'SubDetailValue90090001'),
(toInt32(9009002),toInt32(9009),'SubDetailValue90090002'),
(toInt32(9009003),toInt32(9009),'SubDetailValue90090003'),
(toInt32(9009004),toInt32(9009),'SubDetailValue90090004'),
(toInt32(9009005),toInt32(9009),'SubDetailValue90090005'),
(toInt32(9009006),toInt32(9009),'SubDetailValue90090006'),
(toInt32(9009007),toInt32(9009),'SubDetailValue90090007'),
(toInt32(9009008),toInt32(9009),'SubDetailValue90090008'),
(toInt32(9009009),toInt32(9009),'SubDetailValue90090009'),
(toInt32(9009010),toInt32(9009),'SubDetailValue900900010'),
(toInt32(9009011),toInt32(9009),'SubDetailValue900900011'),
(toInt32(9009012),toInt32(9009),'SubDetailValue900900012'),
(toInt32(9009013),toInt32(9009),'SubDetailValue900900013'),
(toInt32(9009014),toInt32(9009),'SubDetailValue900900014'),
(toInt32(9009015),toInt32(9009),'SubDetailValue900900015'),
(toInt32(9009016),toInt32(9009),'SubDetailValue900900016'),
(toInt32(9009017),toInt32(9009),'SubDetailValue900900017'),
(toInt32(9009018),toInt32(9009),'SubDetailValue900900018'),
(toInt32(9009019),toInt32(9009),'SubDetailValue900900019'),
(toInt32(9009020),toInt32(9009),'SubDetailValue900900020'),
(toInt32(9009021),toInt32(9009),'SubDetailValue900900021'),
(toInt32(9009022),toInt32(9009),'SubDetailValue900900022'),
(toInt32(9009023),toInt32(9009),'SubDetailValue900900023'),
(toInt32(9009024),toInt32(9009),'SubDetailValue900900024'),
(toInt32(9009025),toInt32(9009),'SubDetailValue900900025'),
(toInt32(9009026),toInt32(9009),'SubDetailValue900900026'),
(toInt32(9009027),toInt32(9009),'SubDetailValue900900027'),
(toInt32(9009028),toInt32(9009),'SubDetailValue900900028'),
(toInt32(9009029),toInt32(9009),'SubDetailValue900900029'),
(toInt32(9009030),toInt32(9009),'SubDetailValue900900030'),
(toInt32(9009031),toInt32(9009),'SubDetailValue900900031'),
(toInt32(9009032),toInt32(9009),'SubDetailValue900900032'),
(toInt32(9009033),toInt32(9009),'SubDetailValue900900033'),
(toInt32(9009034),toInt32(9009),'SubDetailValue900900034'),
(toInt32(9009035),toInt32(9009),'SubDetailValue900900035'),
(toInt32(9009036),toInt32(9009),'SubDetailValue900900036'),
(toInt32(9009037),toInt32(9009),'SubDetailValue900900037'),
(toInt32(9009038),toInt32(9009),'SubDetailValue900900038'),
(toInt32(9009039),toInt32(9009),'SubDetailValue900900039'),
(toInt32(9009040),toInt32(9009),'SubDetailValue900900040'),
(toInt32(9009041),toInt32(9009),'SubDetailValue900900041'),
(toInt32(9009042),toInt32(9009),'SubDetailValue900900042'),
(toInt32(9009043),toInt32(9009),'SubDetailValue900900043'),
(toInt32(9009044),toInt32(9009),'SubDetailValue900900044'),
(toInt32(9009045),toInt32(9009),'SubDetailValue900900045'),
(toInt32(9009046),toInt32(9009),'SubDetailValue900900046'),
(toInt32(9009047),toInt32(9009),'SubDetailValue900900047'),
(toInt32(9009048),toInt32(9009),'SubDetailValue900900048'),
(toInt32(9009049),toInt32(9009),'SubDetailValue900900049'),
(toInt32(9009050),toInt32(9009),'SubDetailValue900900050'),
(toInt32(9009051),toInt32(9009),'SubDetailValue900900051'),
(toInt32(9009052),toInt32(9009),'SubDetailValue900900052'),
(toInt32(9009053),toInt32(9009),'SubDetailValue900900053'),
(toInt32(9009054),toInt32(9009),'SubDetailValue900900054'),
(toInt32(9009055),toInt32(9009),'SubDetailValue900900055'),
(toInt32(9009056),toInt32(9009),'SubDetailValue900900056'),
(toInt32(9009057),toInt32(9009),'SubDetailValue900900057'),
(toInt32(9009058),toInt32(9009),'SubDetailValue900900058'),
(toInt32(9009059),toInt32(9009),'SubDetailValue900900059'),
(toInt32(9009060),toInt32(9009),'SubDetailValue900900060'),
(toInt32(9009061),toInt32(9009),'SubDetailValue900900061'),
(toInt32(9009062),toInt32(9009),'SubDetailValue900900062'),
(toInt32(9009063),toInt32(9009),'SubDetailValue900900063'),
(toInt32(9009064),toInt32(9009),'SubDetailValue900900064'),
(toInt32(9009065),toInt32(9009),'SubDetailValue900900065'),
(toInt32(9009066),toInt32(9009),'SubDetailValue900900066'),
(toInt32(9009067),toInt32(9009),'SubDetailValue900900067'),
(toInt32(9009068),toInt32(9009),'SubDetailValue900900068'),
(toInt32(9009069),toInt32(9009),'SubDetailValue900900069'),
(toInt32(9009070),toInt32(9009),'SubDetailValue900900070'),
(toInt32(9009071),toInt32(9009),'SubDetailValue900900071'),
(toInt32(9009072),toInt32(9009),'SubDetailValue900900072'),
(toInt32(9009073),toInt32(9009),'SubDetailValue900900073'),
(toInt32(9009074),toInt32(9009),'SubDetailValue900900074'),
(toInt32(9009075),toInt32(9009),'SubDetailValue900900075'),
(toInt32(9009076),toInt32(9009),'SubDetailValue900900076'),
(toInt32(9009077),toInt32(9009),'SubDetailValue900900077'),
(toInt32(9009078),toInt32(9009),'SubDetailValue900900078'),
(toInt32(9009079),toInt32(9009),'SubDetailValue900900079'),
(toInt32(9009080),toInt32(9009),'SubDetailValue900900080'),
(toInt32(9009081),toInt32(9009),'SubDetailValue900900081'),
(toInt32(9009082),toInt32(9009),'SubDetailValue900900082'),
(toInt32(9009083),toInt32(9009),'SubDetailValue900900083'),
(toInt32(9009084),toInt32(9009),'SubDetailValue900900084'),
(toInt32(9009085),toInt32(9009),'SubDetailValue900900085'),
(toInt32(9009086),toInt32(9009),'SubDetailValue900900086'),
(toInt32(9009087),toInt32(9009),'SubDetailValue900900087'),
(toInt32(9009088),toInt32(9009),'SubDetailValue900900088'),
(toInt32(9009089),toInt32(9009),'SubDetailValue900900089'),
(toInt32(9009090),toInt32(9009),'SubDetailValue900900090')

BeforeExecute
-- ClickHouse.Client ClickHouse

SELECT
	lw_DetailClass.Id1,
	lw_DetailClass.DetailId,
	detail_1.SubDetailId,
	detail_1.DetailId,
	detail_1.SubDetailValue
FROM
	(
		SELECT DISTINCT
			detail.DetailId as DetailId,
			lw_MasterClass.Id1 as Id1
		FROM
			(
				SELECT DISTINCT
					m_1.Id1 as Id1
				FROM
					MasterClass m_1
				WHERE
					m_1.Id1 >= toInt32(1)
			) lw_MasterClass
				INNER JOIN DetailClass detail ON lw_MasterClass.Id1 = detail.MasterId
	) lw_DetailClass
		INNER JOIN SubDetailClass detail_1 ON lw_DetailClass.DetailId = detail_1.DetailId

BeforeExecute
-- ClickHouse.Client ClickHouse

SELECT
	lw_MasterClass.Id1,
	detail.DetailId,
	detail.MasterId,
	detail.DetailValue
FROM
	(
		SELECT DISTINCT
			m_1.Id1 as Id1
		FROM
			MasterClass m_1
		WHERE
			m_1.Id1 >= toInt32(1)
	) lw_MasterClass
		INNER JOIN DetailClass detail ON lw_MasterClass.Id1 = detail.MasterId

BeforeExecute
-- ClickHouse.Client ClickHouse

SELECT
	m_1.Id1,
	m_1.Id2,
	m_1.Value,
	m_1.ByteValues
FROM
	MasterClass m_1
WHERE
	m_1.Id1 >= toInt32(1)

BeforeExecute
-- ClickHouse.Client ClickHouse

DROP TABLE IF EXISTS SubDetailClass

BeforeExecute
-- ClickHouse.Client ClickHouse

DROP TABLE IF EXISTS DetailClass

BeforeExecute
-- ClickHouse.Client ClickHouse

DROP TABLE IF EXISTS MasterClass

