BeforeExecute
-- ClickHouse.Client ClickHouse

DROP TABLE IF EXISTS MasterClass

BeforeExecute
-- ClickHouse.Client ClickHouse

CREATE TABLE IF NOT EXISTS MasterClass
(
	Id        Int32,
	Value     Nullable(String),
	IsDeleted Bool
)
ENGINE = Memory()

BeforeExecute
-- ClickHouse.Client ClickHouse

INSERT INTO MasterClass
(
	Id,
	Value,
	IsDeleted
)
VALUES
(toInt32(1),'MasterValue_1',false),
(toInt32(2),'MasterValue_2',false),
(toInt32(3),'MasterValue_3',true),
(toInt32(4),'MasterValue_4',false),
(toInt32(5),'MasterValue_5',false),
(toInt32(6),'MasterValue_6',true),
(toInt32(7),'MasterValue_7',false),
(toInt32(8),'MasterValue_8',false),
(toInt32(9),'MasterValue_9',true),
(toInt32(10),'MasterValue_10',false)

BeforeExecute
-- ClickHouse.Client ClickHouse

DROP TABLE IF EXISTS InfoClass

BeforeExecute
-- ClickHouse.Client ClickHouse

CREATE TABLE IF NOT EXISTS InfoClass
(
	Id        Int32,
	Value     Nullable(String),
	IsDeleted Bool,
	MasterId  Nullable(Int32)
)
ENGINE = Memory()

BeforeExecute
-- ClickHouse.Client ClickHouse

INSERT INTO InfoClass
(
	Id,
	Value,
	IsDeleted,
	MasterId
)
VALUES
(toInt32(1),'InfoValue_1',false,NULL),
(toInt32(2),'InfoValue_2',false,NULL),
(toInt32(3),'InfoValue_3',true,NULL),
(toInt32(4),'InfoValue_4',false,toInt32(4)),
(toInt32(5),'InfoValue_5',false,NULL),
(toInt32(6),'InfoValue_6',true,NULL),
(toInt32(7),'InfoValue_7',false,NULL),
(toInt32(8),'InfoValue_8',false,toInt32(8)),
(toInt32(9),'InfoValue_9',true,NULL),
(toInt32(10),'InfoValue_10',false,NULL)

BeforeExecute
-- ClickHouse.Client ClickHouse

DROP TABLE IF EXISTS DetailClass

BeforeExecute
-- ClickHouse.Client ClickHouse

CREATE TABLE IF NOT EXISTS DetailClass
(
	Id        Int32,
	Value     Nullable(String),
	IsDeleted Bool,
	MasterId  Nullable(Int32)
)
ENGINE = Memory()

BeforeExecute
-- ClickHouse.Client ClickHouse

INSERT INTO DetailClass
(
	Id,
	Value,
	IsDeleted,
	MasterId
)
VALUES
(toInt32(1),'DetailValue_1',false,toInt32(0)),
(toInt32(2),'DetailValue_2',false,toInt32(0)),
(toInt32(3),'DetailValue_3',true,toInt32(0)),
(toInt32(4),'DetailValue_4',false,toInt32(0)),
(toInt32(5),'DetailValue_5',false,toInt32(0)),
(toInt32(6),'DetailValue_6',true,toInt32(0)),
(toInt32(7),'DetailValue_7',false,toInt32(0)),
(toInt32(8),'DetailValue_8',false,toInt32(0)),
(toInt32(9),'DetailValue_9',true,toInt32(0)),
(toInt32(10),'DetailValue_10',false,toInt32(0)),
(toInt32(11),'DetailValue_11',false,toInt32(0)),
(toInt32(12),'DetailValue_12',true,toInt32(0)),
(toInt32(13),'DetailValue_13',false,toInt32(0)),
(toInt32(14),'DetailValue_14',false,toInt32(0)),
(toInt32(15),'DetailValue_15',true,toInt32(0)),
(toInt32(16),'DetailValue_16',false,toInt32(0)),
(toInt32(17),'DetailValue_17',false,toInt32(0)),
(toInt32(18),'DetailValue_18',true,toInt32(0)),
(toInt32(19),'DetailValue_19',false,toInt32(0)),
(toInt32(20),'DetailValue_20',false,toInt32(0)),
(toInt32(21),'DetailValue_21',true,toInt32(0)),
(toInt32(22),'DetailValue_22',false,toInt32(0)),
(toInt32(23),'DetailValue_23',false,toInt32(0)),
(toInt32(24),'DetailValue_24',true,toInt32(0)),
(toInt32(25),'DetailValue_25',false,toInt32(0)),
(toInt32(26),'DetailValue_26',false,toInt32(0)),
(toInt32(27),'DetailValue_27',true,toInt32(0)),
(toInt32(28),'DetailValue_28',false,toInt32(0)),
(toInt32(29),'DetailValue_29',false,toInt32(0)),
(toInt32(30),'DetailValue_30',true,toInt32(0)),
(toInt32(31),'DetailValue_31',false,toInt32(0)),
(toInt32(32),'DetailValue_32',false,toInt32(0)),
(toInt32(33),'DetailValue_33',true,toInt32(0)),
(toInt32(34),'DetailValue_34',false,toInt32(0)),
(toInt32(35),'DetailValue_35',false,toInt32(0)),
(toInt32(36),'DetailValue_36',true,toInt32(0)),
(toInt32(37),'DetailValue_37',false,toInt32(0)),
(toInt32(38),'DetailValue_38',false,toInt32(0)),
(toInt32(39),'DetailValue_39',true,toInt32(0)),
(toInt32(40),'DetailValue_40',false,toInt32(0)),
(toInt32(41),'DetailValue_41',false,toInt32(0)),
(toInt32(42),'DetailValue_42',true,toInt32(0)),
(toInt32(43),'DetailValue_43',false,toInt32(0)),
(toInt32(44),'DetailValue_44',false,toInt32(0)),
(toInt32(45),'DetailValue_45',true,toInt32(0)),
(toInt32(46),'DetailValue_46',false,toInt32(0)),
(toInt32(47),'DetailValue_47',false,toInt32(0)),
(toInt32(48),'DetailValue_48',true,toInt32(0)),
(toInt32(49),'DetailValue_49',false,toInt32(0)),
(toInt32(50),'DetailValue_50',false,toInt32(0)),
(toInt32(51),'DetailValue_51',true,toInt32(0)),
(toInt32(52),'DetailValue_52',false,toInt32(0)),
(toInt32(53),'DetailValue_53',false,toInt32(0)),
(toInt32(54),'DetailValue_54',true,toInt32(0)),
(toInt32(55),'DetailValue_55',false,toInt32(0)),
(toInt32(56),'DetailValue_56',false,toInt32(0)),
(toInt32(57),'DetailValue_57',true,toInt32(0)),
(toInt32(58),'DetailValue_58',false,toInt32(0)),
(toInt32(59),'DetailValue_59',false,toInt32(0)),
(toInt32(60),'DetailValue_60',true,toInt32(0)),
(toInt32(61),'DetailValue_61',false,toInt32(0)),
(toInt32(62),'DetailValue_62',false,toInt32(0)),
(toInt32(63),'DetailValue_63',true,toInt32(0)),
(toInt32(64),'DetailValue_64',false,toInt32(0)),
(toInt32(65),'DetailValue_65',false,toInt32(0)),
(toInt32(66),'DetailValue_66',true,toInt32(0)),
(toInt32(67),'DetailValue_67',false,toInt32(0)),
(toInt32(68),'DetailValue_68',false,toInt32(0)),
(toInt32(69),'DetailValue_69',true,toInt32(0)),
(toInt32(70),'DetailValue_70',false,toInt32(0)),
(toInt32(71),'DetailValue_71',false,toInt32(0)),
(toInt32(72),'DetailValue_72',true,toInt32(0)),
(toInt32(73),'DetailValue_73',false,toInt32(0)),
(toInt32(74),'DetailValue_74',false,toInt32(0)),
(toInt32(75),'DetailValue_75',true,toInt32(0)),
(toInt32(76),'DetailValue_76',false,toInt32(0)),
(toInt32(77),'DetailValue_77',false,toInt32(0)),
(toInt32(78),'DetailValue_78',true,toInt32(0)),
(toInt32(79),'DetailValue_79',false,toInt32(0)),
(toInt32(80),'DetailValue_80',false,toInt32(0)),
(toInt32(81),'DetailValue_81',true,toInt32(0)),
(toInt32(82),'DetailValue_82',false,toInt32(0)),
(toInt32(83),'DetailValue_83',false,toInt32(0)),
(toInt32(84),'DetailValue_84',true,toInt32(0)),
(toInt32(85),'DetailValue_85',false,toInt32(0)),
(toInt32(86),'DetailValue_86',false,toInt32(0)),
(toInt32(87),'DetailValue_87',true,toInt32(0)),
(toInt32(88),'DetailValue_88',false,toInt32(0)),
(toInt32(89),'DetailValue_89',false,toInt32(0)),
(toInt32(90),'DetailValue_90',true,toInt32(0)),
(toInt32(91),'DetailValue_91',false,toInt32(0)),
(toInt32(92),'DetailValue_92',false,toInt32(0)),
(toInt32(93),'DetailValue_93',true,toInt32(0)),
(toInt32(94),'DetailValue_94',false,toInt32(0)),
(toInt32(95),'DetailValue_95',false,toInt32(0)),
(toInt32(96),'DetailValue_96',true,toInt32(0)),
(toInt32(97),'DetailValue_97',false,toInt32(0)),
(toInt32(98),'DetailValue_98',false,toInt32(0)),
(toInt32(99),'DetailValue_99',true,toInt32(0)),
(toInt32(100),'DetailValue_100',false,toInt32(1)),
(toInt32(101),'DetailValue_101',false,toInt32(1)),
(toInt32(102),'DetailValue_102',true,toInt32(1)),
(toInt32(103),'DetailValue_103',false,toInt32(1)),
(toInt32(104),'DetailValue_104',false,toInt32(1)),
(toInt32(105),'DetailValue_105',true,toInt32(1)),
(toInt32(106),'DetailValue_106',false,toInt32(1)),
(toInt32(107),'DetailValue_107',false,toInt32(1)),
(toInt32(108),'DetailValue_108',true,toInt32(1)),
(toInt32(109),'DetailValue_109',false,toInt32(1)),
(toInt32(110),'DetailValue_110',false,toInt32(1)),
(toInt32(111),'DetailValue_111',true,toInt32(1)),
(toInt32(112),'DetailValue_112',false,toInt32(1)),
(toInt32(113),'DetailValue_113',false,toInt32(1)),
(toInt32(114),'DetailValue_114',true,toInt32(1)),
(toInt32(115),'DetailValue_115',false,toInt32(1)),
(toInt32(116),'DetailValue_116',false,toInt32(1)),
(toInt32(117),'DetailValue_117',true,toInt32(1)),
(toInt32(118),'DetailValue_118',false,toInt32(1)),
(toInt32(119),'DetailValue_119',false,toInt32(1)),
(toInt32(120),'DetailValue_120',true,toInt32(1)),
(toInt32(121),'DetailValue_121',false,toInt32(1)),
(toInt32(122),'DetailValue_122',false,toInt32(1)),
(toInt32(123),'DetailValue_123',true,toInt32(1)),
(toInt32(124),'DetailValue_124',false,toInt32(1)),
(toInt32(125),'DetailValue_125',false,toInt32(1)),
(toInt32(126),'DetailValue_126',true,toInt32(1)),
(toInt32(127),'DetailValue_127',false,toInt32(1)),
(toInt32(128),'DetailValue_128',false,toInt32(1)),
(toInt32(129),'DetailValue_129',true,toInt32(1)),
(toInt32(130),'DetailValue_130',false,toInt32(1)),
(toInt32(131),'DetailValue_131',false,toInt32(1)),
(toInt32(132),'DetailValue_132',true,toInt32(1)),
(toInt32(133),'DetailValue_133',false,toInt32(1)),
(toInt32(134),'DetailValue_134',false,toInt32(1)),
(toInt32(135),'DetailValue_135',true,toInt32(1)),
(toInt32(136),'DetailValue_136',false,toInt32(1)),
(toInt32(137),'DetailValue_137',false,toInt32(1)),
(toInt32(138),'DetailValue_138',true,toInt32(1)),
(toInt32(139),'DetailValue_139',false,toInt32(1)),
(toInt32(140),'DetailValue_140',false,toInt32(1)),
(toInt32(141),'DetailValue_141',true,toInt32(1)),
(toInt32(142),'DetailValue_142',false,toInt32(1)),
(toInt32(143),'DetailValue_143',false,toInt32(1)),
(toInt32(144),'DetailValue_144',true,toInt32(1)),
(toInt32(145),'DetailValue_145',false,toInt32(1)),
(toInt32(146),'DetailValue_146',false,toInt32(1)),
(toInt32(147),'DetailValue_147',true,toInt32(1)),
(toInt32(148),'DetailValue_148',false,toInt32(1)),
(toInt32(149),'DetailValue_149',false,toInt32(1)),
(toInt32(150),'DetailValue_150',true,toInt32(1)),
(toInt32(151),'DetailValue_151',false,toInt32(1)),
(toInt32(152),'DetailValue_152',false,toInt32(1)),
(toInt32(153),'DetailValue_153',true,toInt32(1)),
(toInt32(154),'DetailValue_154',false,toInt32(1)),
(toInt32(155),'DetailValue_155',false,toInt32(1)),
(toInt32(156),'DetailValue_156',true,toInt32(1)),
(toInt32(157),'DetailValue_157',false,toInt32(1)),
(toInt32(158),'DetailValue_158',false,toInt32(1)),
(toInt32(159),'DetailValue_159',true,toInt32(1)),
(toInt32(160),'DetailValue_160',false,toInt32(1)),
(toInt32(161),'DetailValue_161',false,toInt32(1)),
(toInt32(162),'DetailValue_162',true,toInt32(1)),
(toInt32(163),'DetailValue_163',false,toInt32(1)),
(toInt32(164),'DetailValue_164',false,toInt32(1)),
(toInt32(165),'DetailValue_165',true,toInt32(1)),
(toInt32(166),'DetailValue_166',false,toInt32(1)),
(toInt32(167),'DetailValue_167',false,toInt32(1)),
(toInt32(168),'DetailValue_168',true,toInt32(1)),
(toInt32(169),'DetailValue_169',false,toInt32(1)),
(toInt32(170),'DetailValue_170',false,toInt32(1)),
(toInt32(171),'DetailValue_171',true,toInt32(1)),
(toInt32(172),'DetailValue_172',false,toInt32(1)),
(toInt32(173),'DetailValue_173',false,toInt32(1)),
(toInt32(174),'DetailValue_174',true,toInt32(1)),
(toInt32(175),'DetailValue_175',false,toInt32(1)),
(toInt32(176),'DetailValue_176',false,toInt32(1)),
(toInt32(177),'DetailValue_177',true,toInt32(1)),
(toInt32(178),'DetailValue_178',false,toInt32(1)),
(toInt32(179),'DetailValue_179',false,toInt32(1)),
(toInt32(180),'DetailValue_180',true,toInt32(1)),
(toInt32(181),'DetailValue_181',false,toInt32(1)),
(toInt32(182),'DetailValue_182',false,toInt32(1)),
(toInt32(183),'DetailValue_183',true,toInt32(1)),
(toInt32(184),'DetailValue_184',false,toInt32(1)),
(toInt32(185),'DetailValue_185',false,toInt32(1)),
(toInt32(186),'DetailValue_186',true,toInt32(1)),
(toInt32(187),'DetailValue_187',false,toInt32(1)),
(toInt32(188),'DetailValue_188',false,toInt32(1)),
(toInt32(189),'DetailValue_189',true,toInt32(1)),
(toInt32(190),'DetailValue_190',false,toInt32(1)),
(toInt32(191),'DetailValue_191',false,toInt32(1)),
(toInt32(192),'DetailValue_192',true,toInt32(1)),
(toInt32(193),'DetailValue_193',false,toInt32(1)),
(toInt32(194),'DetailValue_194',false,toInt32(1)),
(toInt32(195),'DetailValue_195',true,toInt32(1)),
(toInt32(196),'DetailValue_196',false,toInt32(1)),
(toInt32(197),'DetailValue_197',false,toInt32(1)),
(toInt32(198),'DetailValue_198',true,toInt32(1)),
(toInt32(199),'DetailValue_199',false,toInt32(1)),
(toInt32(200),'DetailValue_200',false,toInt32(2)),
(toInt32(201),'DetailValue_201',true,toInt32(2)),
(toInt32(202),'DetailValue_202',false,toInt32(2)),
(toInt32(203),'DetailValue_203',false,toInt32(2)),
(toInt32(204),'DetailValue_204',true,toInt32(2)),
(toInt32(205),'DetailValue_205',false,toInt32(2)),
(toInt32(206),'DetailValue_206',false,toInt32(2)),
(toInt32(207),'DetailValue_207',true,toInt32(2)),
(toInt32(208),'DetailValue_208',false,toInt32(2)),
(toInt32(209),'DetailValue_209',false,toInt32(2)),
(toInt32(210),'DetailValue_210',true,toInt32(2)),
(toInt32(211),'DetailValue_211',false,toInt32(2)),
(toInt32(212),'DetailValue_212',false,toInt32(2)),
(toInt32(213),'DetailValue_213',true,toInt32(2)),
(toInt32(214),'DetailValue_214',false,toInt32(2)),
(toInt32(215),'DetailValue_215',false,toInt32(2)),
(toInt32(216),'DetailValue_216',true,toInt32(2)),
(toInt32(217),'DetailValue_217',false,toInt32(2)),
(toInt32(218),'DetailValue_218',false,toInt32(2)),
(toInt32(219),'DetailValue_219',true,toInt32(2)),
(toInt32(220),'DetailValue_220',false,toInt32(2)),
(toInt32(221),'DetailValue_221',false,toInt32(2)),
(toInt32(222),'DetailValue_222',true,toInt32(2)),
(toInt32(223),'DetailValue_223',false,toInt32(2)),
(toInt32(224),'DetailValue_224',false,toInt32(2)),
(toInt32(225),'DetailValue_225',true,toInt32(2)),
(toInt32(226),'DetailValue_226',false,toInt32(2)),
(toInt32(227),'DetailValue_227',false,toInt32(2)),
(toInt32(228),'DetailValue_228',true,toInt32(2)),
(toInt32(229),'DetailValue_229',false,toInt32(2)),
(toInt32(230),'DetailValue_230',false,toInt32(2)),
(toInt32(231),'DetailValue_231',true,toInt32(2)),
(toInt32(232),'DetailValue_232',false,toInt32(2)),
(toInt32(233),'DetailValue_233',false,toInt32(2)),
(toInt32(234),'DetailValue_234',true,toInt32(2)),
(toInt32(235),'DetailValue_235',false,toInt32(2)),
(toInt32(236),'DetailValue_236',false,toInt32(2)),
(toInt32(237),'DetailValue_237',true,toInt32(2)),
(toInt32(238),'DetailValue_238',false,toInt32(2)),
(toInt32(239),'DetailValue_239',false,toInt32(2)),
(toInt32(240),'DetailValue_240',true,toInt32(2)),
(toInt32(241),'DetailValue_241',false,toInt32(2)),
(toInt32(242),'DetailValue_242',false,toInt32(2)),
(toInt32(243),'DetailValue_243',true,toInt32(2)),
(toInt32(244),'DetailValue_244',false,toInt32(2)),
(toInt32(245),'DetailValue_245',false,toInt32(2)),
(toInt32(246),'DetailValue_246',true,toInt32(2)),
(toInt32(247),'DetailValue_247',false,toInt32(2)),
(toInt32(248),'DetailValue_248',false,toInt32(2)),
(toInt32(249),'DetailValue_249',true,toInt32(2)),
(toInt32(250),'DetailValue_250',false,toInt32(2)),
(toInt32(251),'DetailValue_251',false,toInt32(2)),
(toInt32(252),'DetailValue_252',true,toInt32(2)),
(toInt32(253),'DetailValue_253',false,toInt32(2)),
(toInt32(254),'DetailValue_254',false,toInt32(2)),
(toInt32(255),'DetailValue_255',true,toInt32(2)),
(toInt32(256),'DetailValue_256',false,toInt32(2)),
(toInt32(257),'DetailValue_257',false,toInt32(2)),
(toInt32(258),'DetailValue_258',true,toInt32(2)),
(toInt32(259),'DetailValue_259',false,toInt32(2)),
(toInt32(260),'DetailValue_260',false,toInt32(2)),
(toInt32(261),'DetailValue_261',true,toInt32(2)),
(toInt32(262),'DetailValue_262',false,toInt32(2)),
(toInt32(263),'DetailValue_263',false,toInt32(2)),
(toInt32(264),'DetailValue_264',true,toInt32(2)),
(toInt32(265),'DetailValue_265',false,toInt32(2)),
(toInt32(266),'DetailValue_266',false,toInt32(2)),
(toInt32(267),'DetailValue_267',true,toInt32(2)),
(toInt32(268),'DetailValue_268',false,toInt32(2)),
(toInt32(269),'DetailValue_269',false,toInt32(2)),
(toInt32(270),'DetailValue_270',true,toInt32(2)),
(toInt32(271),'DetailValue_271',false,toInt32(2)),
(toInt32(272),'DetailValue_272',false,toInt32(2)),
(toInt32(273),'DetailValue_273',true,toInt32(2)),
(toInt32(274),'DetailValue_274',false,toInt32(2)),
(toInt32(275),'DetailValue_275',false,toInt32(2)),
(toInt32(276),'DetailValue_276',true,toInt32(2)),
(toInt32(277),'DetailValue_277',false,toInt32(2)),
(toInt32(278),'DetailValue_278',false,toInt32(2)),
(toInt32(279),'DetailValue_279',true,toInt32(2)),
(toInt32(280),'DetailValue_280',false,toInt32(2)),
(toInt32(281),'DetailValue_281',false,toInt32(2)),
(toInt32(282),'DetailValue_282',true,toInt32(2)),
(toInt32(283),'DetailValue_283',false,toInt32(2)),
(toInt32(284),'DetailValue_284',false,toInt32(2)),
(toInt32(285),'DetailValue_285',true,toInt32(2)),
(toInt32(286),'DetailValue_286',false,toInt32(2)),
(toInt32(287),'DetailValue_287',false,toInt32(2)),
(toInt32(288),'DetailValue_288',true,toInt32(2)),
(toInt32(289),'DetailValue_289',false,toInt32(2)),
(toInt32(290),'DetailValue_290',false,toInt32(2)),
(toInt32(291),'DetailValue_291',true,toInt32(2)),
(toInt32(292),'DetailValue_292',false,toInt32(2)),
(toInt32(293),'DetailValue_293',false,toInt32(2)),
(toInt32(294),'DetailValue_294',true,toInt32(2)),
(toInt32(295),'DetailValue_295',false,toInt32(2)),
(toInt32(296),'DetailValue_296',false,toInt32(2)),
(toInt32(297),'DetailValue_297',true,toInt32(2)),
(toInt32(298),'DetailValue_298',false,toInt32(2)),
(toInt32(299),'DetailValue_299',false,toInt32(2)),
(toInt32(300),'DetailValue_300',true,toInt32(3)),
(toInt32(301),'DetailValue_301',false,toInt32(3)),
(toInt32(302),'DetailValue_302',false,toInt32(3)),
(toInt32(303),'DetailValue_303',true,toInt32(3)),
(toInt32(304),'DetailValue_304',false,toInt32(3)),
(toInt32(305),'DetailValue_305',false,toInt32(3)),
(toInt32(306),'DetailValue_306',true,toInt32(3)),
(toInt32(307),'DetailValue_307',false,toInt32(3)),
(toInt32(308),'DetailValue_308',false,toInt32(3)),
(toInt32(309),'DetailValue_309',true,toInt32(3)),
(toInt32(310),'DetailValue_310',false,toInt32(3)),
(toInt32(311),'DetailValue_311',false,toInt32(3)),
(toInt32(312),'DetailValue_312',true,toInt32(3)),
(toInt32(313),'DetailValue_313',false,toInt32(3)),
(toInt32(314),'DetailValue_314',false,toInt32(3)),
(toInt32(315),'DetailValue_315',true,toInt32(3)),
(toInt32(316),'DetailValue_316',false,toInt32(3)),
(toInt32(317),'DetailValue_317',false,toInt32(3)),
(toInt32(318),'DetailValue_318',true,toInt32(3)),
(toInt32(319),'DetailValue_319',false,toInt32(3)),
(toInt32(320),'DetailValue_320',false,toInt32(3)),
(toInt32(321),'DetailValue_321',true,toInt32(3)),
(toInt32(322),'DetailValue_322',false,toInt32(3)),
(toInt32(323),'DetailValue_323',false,toInt32(3)),
(toInt32(324),'DetailValue_324',true,toInt32(3)),
(toInt32(325),'DetailValue_325',false,toInt32(3)),
(toInt32(326),'DetailValue_326',false,toInt32(3)),
(toInt32(327),'DetailValue_327',true,toInt32(3)),
(toInt32(328),'DetailValue_328',false,toInt32(3)),
(toInt32(329),'DetailValue_329',false,toInt32(3)),
(toInt32(330),'DetailValue_330',true,toInt32(3)),
(toInt32(331),'DetailValue_331',false,toInt32(3)),
(toInt32(332),'DetailValue_332',false,toInt32(3)),
(toInt32(333),'DetailValue_333',true,toInt32(3)),
(toInt32(334),'DetailValue_334',false,toInt32(3)),
(toInt32(335),'DetailValue_335',false,toInt32(3)),
(toInt32(336),'DetailValue_336',true,toInt32(3)),
(toInt32(337),'DetailValue_337',false,toInt32(3)),
(toInt32(338),'DetailValue_338',false,toInt32(3)),
(toInt32(339),'DetailValue_339',true,toInt32(3)),
(toInt32(340),'DetailValue_340',false,toInt32(3)),
(toInt32(341),'DetailValue_341',false,toInt32(3)),
(toInt32(342),'DetailValue_342',true,toInt32(3)),
(toInt32(343),'DetailValue_343',false,toInt32(3)),
(toInt32(344),'DetailValue_344',false,toInt32(3)),
(toInt32(345),'DetailValue_345',true,toInt32(3)),
(toInt32(346),'DetailValue_346',false,toInt32(3)),
(toInt32(347),'DetailValue_347',false,toInt32(3)),
(toInt32(348),'DetailValue_348',true,toInt32(3)),
(toInt32(349),'DetailValue_349',false,toInt32(3)),
(toInt32(350),'DetailValue_350',false,toInt32(3)),
(toInt32(351),'DetailValue_351',true,toInt32(3)),
(toInt32(352),'DetailValue_352',false,toInt32(3)),
(toInt32(353),'DetailValue_353',false,toInt32(3)),
(toInt32(354),'DetailValue_354',true,toInt32(3)),
(toInt32(355),'DetailValue_355',false,toInt32(3)),
(toInt32(356),'DetailValue_356',false,toInt32(3)),
(toInt32(357),'DetailValue_357',true,toInt32(3)),
(toInt32(358),'DetailValue_358',false,toInt32(3)),
(toInt32(359),'DetailValue_359',false,toInt32(3)),
(toInt32(360),'DetailValue_360',true,toInt32(3)),
(toInt32(361),'DetailValue_361',false,toInt32(3)),
(toInt32(362),'DetailValue_362',false,toInt32(3)),
(toInt32(363),'DetailValue_363',true,toInt32(3)),
(toInt32(364),'DetailValue_364',false,toInt32(3)),
(toInt32(365),'DetailValue_365',false,toInt32(3)),
(toInt32(366),'DetailValue_366',true,toInt32(3)),
(toInt32(367),'DetailValue_367',false,toInt32(3)),
(toInt32(368),'DetailValue_368',false,toInt32(3)),
(toInt32(369),'DetailValue_369',true,toInt32(3)),
(toInt32(370),'DetailValue_370',false,toInt32(3)),
(toInt32(371),'DetailValue_371',false,toInt32(3)),
(toInt32(372),'DetailValue_372',true,toInt32(3)),
(toInt32(373),'DetailValue_373',false,toInt32(3)),
(toInt32(374),'DetailValue_374',false,toInt32(3)),
(toInt32(375),'DetailValue_375',true,toInt32(3)),
(toInt32(376),'DetailValue_376',false,toInt32(3)),
(toInt32(377),'DetailValue_377',false,toInt32(3)),
(toInt32(378),'DetailValue_378',true,toInt32(3)),
(toInt32(379),'DetailValue_379',false,toInt32(3)),
(toInt32(380),'DetailValue_380',false,toInt32(3)),
(toInt32(381),'DetailValue_381',true,toInt32(3)),
(toInt32(382),'DetailValue_382',false,toInt32(3)),
(toInt32(383),'DetailValue_383',false,toInt32(3)),
(toInt32(384),'DetailValue_384',true,toInt32(3)),
(toInt32(385),'DetailValue_385',false,toInt32(3)),
(toInt32(386),'DetailValue_386',false,toInt32(3)),
(toInt32(387),'DetailValue_387',true,toInt32(3)),
(toInt32(388),'DetailValue_388',false,toInt32(3)),
(toInt32(389),'DetailValue_389',false,toInt32(3)),
(toInt32(390),'DetailValue_390',true,toInt32(3)),
(toInt32(391),'DetailValue_391',false,toInt32(3)),
(toInt32(392),'DetailValue_392',false,toInt32(3)),
(toInt32(393),'DetailValue_393',true,toInt32(3)),
(toInt32(394),'DetailValue_394',false,toInt32(3)),
(toInt32(395),'DetailValue_395',false,toInt32(3)),
(toInt32(396),'DetailValue_396',true,toInt32(3)),
(toInt32(397),'DetailValue_397',false,toInt32(3)),
(toInt32(398),'DetailValue_398',false,toInt32(3)),
(toInt32(399),'DetailValue_399',true,toInt32(3)),
(toInt32(400),'DetailValue_400',false,toInt32(4)),
(toInt32(401),'DetailValue_401',false,toInt32(4)),
(toInt32(402),'DetailValue_402',true,toInt32(4)),
(toInt32(403),'DetailValue_403',false,toInt32(4)),
(toInt32(404),'DetailValue_404',false,toInt32(4)),
(toInt32(405),'DetailValue_405',true,toInt32(4)),
(toInt32(406),'DetailValue_406',false,toInt32(4)),
(toInt32(407),'DetailValue_407',false,toInt32(4)),
(toInt32(408),'DetailValue_408',true,toInt32(4)),
(toInt32(409),'DetailValue_409',false,toInt32(4)),
(toInt32(410),'DetailValue_410',false,toInt32(4)),
(toInt32(411),'DetailValue_411',true,toInt32(4)),
(toInt32(412),'DetailValue_412',false,toInt32(4)),
(toInt32(413),'DetailValue_413',false,toInt32(4)),
(toInt32(414),'DetailValue_414',true,toInt32(4)),
(toInt32(415),'DetailValue_415',false,toInt32(4)),
(toInt32(416),'DetailValue_416',false,toInt32(4)),
(toInt32(417),'DetailValue_417',true,toInt32(4)),
(toInt32(418),'DetailValue_418',false,toInt32(4)),
(toInt32(419),'DetailValue_419',false,toInt32(4)),
(toInt32(420),'DetailValue_420',true,toInt32(4)),
(toInt32(421),'DetailValue_421',false,toInt32(4)),
(toInt32(422),'DetailValue_422',false,toInt32(4)),
(toInt32(423),'DetailValue_423',true,toInt32(4)),
(toInt32(424),'DetailValue_424',false,toInt32(4)),
(toInt32(425),'DetailValue_425',false,toInt32(4)),
(toInt32(426),'DetailValue_426',true,toInt32(4)),
(toInt32(427),'DetailValue_427',false,toInt32(4)),
(toInt32(428),'DetailValue_428',false,toInt32(4)),
(toInt32(429),'DetailValue_429',true,toInt32(4)),
(toInt32(430),'DetailValue_430',false,toInt32(4)),
(toInt32(431),'DetailValue_431',false,toInt32(4)),
(toInt32(432),'DetailValue_432',true,toInt32(4)),
(toInt32(433),'DetailValue_433',false,toInt32(4)),
(toInt32(434),'DetailValue_434',false,toInt32(4)),
(toInt32(435),'DetailValue_435',true,toInt32(4)),
(toInt32(436),'DetailValue_436',false,toInt32(4)),
(toInt32(437),'DetailValue_437',false,toInt32(4)),
(toInt32(438),'DetailValue_438',true,toInt32(4)),
(toInt32(439),'DetailValue_439',false,toInt32(4)),
(toInt32(440),'DetailValue_440',false,toInt32(4)),
(toInt32(441),'DetailValue_441',true,toInt32(4)),
(toInt32(442),'DetailValue_442',false,toInt32(4)),
(toInt32(443),'DetailValue_443',false,toInt32(4)),
(toInt32(444),'DetailValue_444',true,toInt32(4)),
(toInt32(445),'DetailValue_445',false,toInt32(4)),
(toInt32(446),'DetailValue_446',false,toInt32(4)),
(toInt32(447),'DetailValue_447',true,toInt32(4)),
(toInt32(448),'DetailValue_448',false,toInt32(4)),
(toInt32(449),'DetailValue_449',false,toInt32(4)),
(toInt32(450),'DetailValue_450',true,toInt32(4)),
(toInt32(451),'DetailValue_451',false,toInt32(4)),
(toInt32(452),'DetailValue_452',false,toInt32(4)),
(toInt32(453),'DetailValue_453',true,toInt32(4)),
(toInt32(454),'DetailValue_454',false,toInt32(4)),
(toInt32(455),'DetailValue_455',false,toInt32(4)),
(toInt32(456),'DetailValue_456',true,toInt32(4)),
(toInt32(457),'DetailValue_457',false,toInt32(4)),
(toInt32(458),'DetailValue_458',false,toInt32(4)),
(toInt32(459),'DetailValue_459',true,toInt32(4)),
(toInt32(460),'DetailValue_460',false,toInt32(4)),
(toInt32(461),'DetailValue_461',false,toInt32(4)),
(toInt32(462),'DetailValue_462',true,toInt32(4)),
(toInt32(463),'DetailValue_463',false,toInt32(4)),
(toInt32(464),'DetailValue_464',false,toInt32(4)),
(toInt32(465),'DetailValue_465',true,toInt32(4)),
(toInt32(466),'DetailValue_466',false,toInt32(4)),
(toInt32(467),'DetailValue_467',false,toInt32(4)),
(toInt32(468),'DetailValue_468',true,toInt32(4)),
(toInt32(469),'DetailValue_469',false,toInt32(4)),
(toInt32(470),'DetailValue_470',false,toInt32(4)),
(toInt32(471),'DetailValue_471',true,toInt32(4)),
(toInt32(472),'DetailValue_472',false,toInt32(4)),
(toInt32(473),'DetailValue_473',false,toInt32(4)),
(toInt32(474),'DetailValue_474',true,toInt32(4)),
(toInt32(475),'DetailValue_475',false,toInt32(4)),
(toInt32(476),'DetailValue_476',false,toInt32(4)),
(toInt32(477),'DetailValue_477',true,toInt32(4)),
(toInt32(478),'DetailValue_478',false,toInt32(4)),
(toInt32(479),'DetailValue_479',false,toInt32(4)),
(toInt32(480),'DetailValue_480',true,toInt32(4)),
(toInt32(481),'DetailValue_481',false,toInt32(4)),
(toInt32(482),'DetailValue_482',false,toInt32(4)),
(toInt32(483),'DetailValue_483',true,toInt32(4)),
(toInt32(484),'DetailValue_484',false,toInt32(4)),
(toInt32(485),'DetailValue_485',false,toInt32(4)),
(toInt32(486),'DetailValue_486',true,toInt32(4)),
(toInt32(487),'DetailValue_487',false,toInt32(4)),
(toInt32(488),'DetailValue_488',false,toInt32(4)),
(toInt32(489),'DetailValue_489',true,toInt32(4)),
(toInt32(490),'DetailValue_490',false,toInt32(4)),
(toInt32(491),'DetailValue_491',false,toInt32(4)),
(toInt32(492),'DetailValue_492',true,toInt32(4)),
(toInt32(493),'DetailValue_493',false,toInt32(4)),
(toInt32(494),'DetailValue_494',false,toInt32(4)),
(toInt32(495),'DetailValue_495',true,toInt32(4)),
(toInt32(496),'DetailValue_496',false,toInt32(4)),
(toInt32(497),'DetailValue_497',false,toInt32(4)),
(toInt32(498),'DetailValue_498',true,toInt32(4)),
(toInt32(499),'DetailValue_499',false,toInt32(4)),
(toInt32(500),'DetailValue_500',false,toInt32(5)),
(toInt32(501),'DetailValue_501',true,toInt32(5)),
(toInt32(502),'DetailValue_502',false,toInt32(5)),
(toInt32(503),'DetailValue_503',false,toInt32(5)),
(toInt32(504),'DetailValue_504',true,toInt32(5)),
(toInt32(505),'DetailValue_505',false,toInt32(5)),
(toInt32(506),'DetailValue_506',false,toInt32(5)),
(toInt32(507),'DetailValue_507',true,toInt32(5)),
(toInt32(508),'DetailValue_508',false,toInt32(5)),
(toInt32(509),'DetailValue_509',false,toInt32(5)),
(toInt32(510),'DetailValue_510',true,toInt32(5)),
(toInt32(511),'DetailValue_511',false,toInt32(5)),
(toInt32(512),'DetailValue_512',false,toInt32(5)),
(toInt32(513),'DetailValue_513',true,toInt32(5)),
(toInt32(514),'DetailValue_514',false,toInt32(5)),
(toInt32(515),'DetailValue_515',false,toInt32(5)),
(toInt32(516),'DetailValue_516',true,toInt32(5)),
(toInt32(517),'DetailValue_517',false,toInt32(5)),
(toInt32(518),'DetailValue_518',false,toInt32(5)),
(toInt32(519),'DetailValue_519',true,toInt32(5)),
(toInt32(520),'DetailValue_520',false,toInt32(5)),
(toInt32(521),'DetailValue_521',false,toInt32(5)),
(toInt32(522),'DetailValue_522',true,toInt32(5)),
(toInt32(523),'DetailValue_523',false,toInt32(5)),
(toInt32(524),'DetailValue_524',false,toInt32(5)),
(toInt32(525),'DetailValue_525',true,toInt32(5)),
(toInt32(526),'DetailValue_526',false,toInt32(5)),
(toInt32(527),'DetailValue_527',false,toInt32(5)),
(toInt32(528),'DetailValue_528',true,toInt32(5)),
(toInt32(529),'DetailValue_529',false,toInt32(5)),
(toInt32(530),'DetailValue_530',false,toInt32(5)),
(toInt32(531),'DetailValue_531',true,toInt32(5)),
(toInt32(532),'DetailValue_532',false,toInt32(5)),
(toInt32(533),'DetailValue_533',false,toInt32(5)),
(toInt32(534),'DetailValue_534',true,toInt32(5)),
(toInt32(535),'DetailValue_535',false,toInt32(5)),
(toInt32(536),'DetailValue_536',false,toInt32(5)),
(toInt32(537),'DetailValue_537',true,toInt32(5)),
(toInt32(538),'DetailValue_538',false,toInt32(5)),
(toInt32(539),'DetailValue_539',false,toInt32(5)),
(toInt32(540),'DetailValue_540',true,toInt32(5)),
(toInt32(541),'DetailValue_541',false,toInt32(5)),
(toInt32(542),'DetailValue_542',false,toInt32(5)),
(toInt32(543),'DetailValue_543',true,toInt32(5)),
(toInt32(544),'DetailValue_544',false,toInt32(5)),
(toInt32(545),'DetailValue_545',false,toInt32(5)),
(toInt32(546),'DetailValue_546',true,toInt32(5)),
(toInt32(547),'DetailValue_547',false,toInt32(5)),
(toInt32(548),'DetailValue_548',false,toInt32(5)),
(toInt32(549),'DetailValue_549',true,toInt32(5)),
(toInt32(550),'DetailValue_550',false,toInt32(5)),
(toInt32(551),'DetailValue_551',false,toInt32(5)),
(toInt32(552),'DetailValue_552',true,toInt32(5)),
(toInt32(553),'DetailValue_553',false,toInt32(5)),
(toInt32(554),'DetailValue_554',false,toInt32(5)),
(toInt32(555),'DetailValue_555',true,toInt32(5)),
(toInt32(556),'DetailValue_556',false,toInt32(5)),
(toInt32(557),'DetailValue_557',false,toInt32(5)),
(toInt32(558),'DetailValue_558',true,toInt32(5)),
(toInt32(559),'DetailValue_559',false,toInt32(5)),
(toInt32(560),'DetailValue_560',false,toInt32(5)),
(toInt32(561),'DetailValue_561',true,toInt32(5)),
(toInt32(562),'DetailValue_562',false,toInt32(5)),
(toInt32(563),'DetailValue_563',false,toInt32(5)),
(toInt32(564),'DetailValue_564',true,toInt32(5)),
(toInt32(565),'DetailValue_565',false,toInt32(5)),
(toInt32(566),'DetailValue_566',false,toInt32(5)),
(toInt32(567),'DetailValue_567',true,toInt32(5)),
(toInt32(568),'DetailValue_568',false,toInt32(5)),
(toInt32(569),'DetailValue_569',false,toInt32(5)),
(toInt32(570),'DetailValue_570',true,toInt32(5)),
(toInt32(571),'DetailValue_571',false,toInt32(5)),
(toInt32(572),'DetailValue_572',false,toInt32(5)),
(toInt32(573),'DetailValue_573',true,toInt32(5)),
(toInt32(574),'DetailValue_574',false,toInt32(5)),
(toInt32(575),'DetailValue_575',false,toInt32(5)),
(toInt32(576),'DetailValue_576',true,toInt32(5)),
(toInt32(577),'DetailValue_577',false,toInt32(5)),
(toInt32(578),'DetailValue_578',false,toInt32(5)),
(toInt32(579),'DetailValue_579',true,toInt32(5)),
(toInt32(580),'DetailValue_580',false,toInt32(5)),
(toInt32(581),'DetailValue_581',false,toInt32(5)),
(toInt32(582),'DetailValue_582',true,toInt32(5)),
(toInt32(583),'DetailValue_583',false,toInt32(5)),
(toInt32(584),'DetailValue_584',false,toInt32(5)),
(toInt32(585),'DetailValue_585',true,toInt32(5)),
(toInt32(586),'DetailValue_586',false,toInt32(5)),
(toInt32(587),'DetailValue_587',false,toInt32(5)),
(toInt32(588),'DetailValue_588',true,toInt32(5)),
(toInt32(589),'DetailValue_589',false,toInt32(5)),
(toInt32(590),'DetailValue_590',false,toInt32(5)),
(toInt32(591),'DetailValue_591',true,toInt32(5)),
(toInt32(592),'DetailValue_592',false,toInt32(5)),
(toInt32(593),'DetailValue_593',false,toInt32(5)),
(toInt32(594),'DetailValue_594',true,toInt32(5)),
(toInt32(595),'DetailValue_595',false,toInt32(5)),
(toInt32(596),'DetailValue_596',false,toInt32(5)),
(toInt32(597),'DetailValue_597',true,toInt32(5)),
(toInt32(598),'DetailValue_598',false,toInt32(5)),
(toInt32(599),'DetailValue_599',false,toInt32(5)),
(toInt32(600),'DetailValue_600',true,toInt32(6)),
(toInt32(601),'DetailValue_601',false,toInt32(6)),
(toInt32(602),'DetailValue_602',false,toInt32(6)),
(toInt32(603),'DetailValue_603',true,toInt32(6)),
(toInt32(604),'DetailValue_604',false,toInt32(6)),
(toInt32(605),'DetailValue_605',false,toInt32(6)),
(toInt32(606),'DetailValue_606',true,toInt32(6)),
(toInt32(607),'DetailValue_607',false,toInt32(6)),
(toInt32(608),'DetailValue_608',false,toInt32(6)),
(toInt32(609),'DetailValue_609',true,toInt32(6)),
(toInt32(610),'DetailValue_610',false,toInt32(6)),
(toInt32(611),'DetailValue_611',false,toInt32(6)),
(toInt32(612),'DetailValue_612',true,toInt32(6)),
(toInt32(613),'DetailValue_613',false,toInt32(6)),
(toInt32(614),'DetailValue_614',false,toInt32(6)),
(toInt32(615),'DetailValue_615',true,toInt32(6)),
(toInt32(616),'DetailValue_616',false,toInt32(6)),
(toInt32(617),'DetailValue_617',false,toInt32(6)),
(toInt32(618),'DetailValue_618',true,toInt32(6)),
(toInt32(619),'DetailValue_619',false,toInt32(6)),
(toInt32(620),'DetailValue_620',false,toInt32(6)),
(toInt32(621),'DetailValue_621',true,toInt32(6)),
(toInt32(622),'DetailValue_622',false,toInt32(6)),
(toInt32(623),'DetailValue_623',false,toInt32(6)),
(toInt32(624),'DetailValue_624',true,toInt32(6)),
(toInt32(625),'DetailValue_625',false,toInt32(6)),
(toInt32(626),'DetailValue_626',false,toInt32(6)),
(toInt32(627),'DetailValue_627',true,toInt32(6)),
(toInt32(628),'DetailValue_628',false,toInt32(6)),
(toInt32(629),'DetailValue_629',false,toInt32(6)),
(toInt32(630),'DetailValue_630',true,toInt32(6)),
(toInt32(631),'DetailValue_631',false,toInt32(6)),
(toInt32(632),'DetailValue_632',false,toInt32(6)),
(toInt32(633),'DetailValue_633',true,toInt32(6)),
(toInt32(634),'DetailValue_634',false,toInt32(6)),
(toInt32(635),'DetailValue_635',false,toInt32(6)),
(toInt32(636),'DetailValue_636',true,toInt32(6)),
(toInt32(637),'DetailValue_637',false,toInt32(6)),
(toInt32(638),'DetailValue_638',false,toInt32(6)),
(toInt32(639),'DetailValue_639',true,toInt32(6)),
(toInt32(640),'DetailValue_640',false,toInt32(6)),
(toInt32(641),'DetailValue_641',false,toInt32(6)),
(toInt32(642),'DetailValue_642',true,toInt32(6)),
(toInt32(643),'DetailValue_643',false,toInt32(6)),
(toInt32(644),'DetailValue_644',false,toInt32(6)),
(toInt32(645),'DetailValue_645',true,toInt32(6)),
(toInt32(646),'DetailValue_646',false,toInt32(6)),
(toInt32(647),'DetailValue_647',false,toInt32(6)),
(toInt32(648),'DetailValue_648',true,toInt32(6)),
(toInt32(649),'DetailValue_649',false,toInt32(6)),
(toInt32(650),'DetailValue_650',false,toInt32(6)),
(toInt32(651),'DetailValue_651',true,toInt32(6)),
(toInt32(652),'DetailValue_652',false,toInt32(6)),
(toInt32(653),'DetailValue_653',false,toInt32(6)),
(toInt32(654),'DetailValue_654',true,toInt32(6)),
(toInt32(655),'DetailValue_655',false,toInt32(6)),
(toInt32(656),'DetailValue_656',false,toInt32(6)),
(toInt32(657),'DetailValue_657',true,toInt32(6)),
(toInt32(658),'DetailValue_658',false,toInt32(6)),
(toInt32(659),'DetailValue_659',false,toInt32(6)),
(toInt32(660),'DetailValue_660',true,toInt32(6)),
(toInt32(661),'DetailValue_661',false,toInt32(6)),
(toInt32(662),'DetailValue_662',false,toInt32(6)),
(toInt32(663),'DetailValue_663',true,toInt32(6)),
(toInt32(664),'DetailValue_664',false,toInt32(6)),
(toInt32(665),'DetailValue_665',false,toInt32(6)),
(toInt32(666),'DetailValue_666',true,toInt32(6)),
(toInt32(667),'DetailValue_667',false,toInt32(6)),
(toInt32(668),'DetailValue_668',false,toInt32(6)),
(toInt32(669),'DetailValue_669',true,toInt32(6)),
(toInt32(670),'DetailValue_670',false,toInt32(6)),
(toInt32(671),'DetailValue_671',false,toInt32(6)),
(toInt32(672),'DetailValue_672',true,toInt32(6)),
(toInt32(673),'DetailValue_673',false,toInt32(6)),
(toInt32(674),'DetailValue_674',false,toInt32(6)),
(toInt32(675),'DetailValue_675',true,toInt32(6)),
(toInt32(676),'DetailValue_676',false,toInt32(6)),
(toInt32(677),'DetailValue_677',false,toInt32(6)),
(toInt32(678),'DetailValue_678',true,toInt32(6)),
(toInt32(679),'DetailValue_679',false,toInt32(6)),
(toInt32(680),'DetailValue_680',false,toInt32(6)),
(toInt32(681),'DetailValue_681',true,toInt32(6)),
(toInt32(682),'DetailValue_682',false,toInt32(6)),
(toInt32(683),'DetailValue_683',false,toInt32(6)),
(toInt32(684),'DetailValue_684',true,toInt32(6)),
(toInt32(685),'DetailValue_685',false,toInt32(6)),
(toInt32(686),'DetailValue_686',false,toInt32(6)),
(toInt32(687),'DetailValue_687',true,toInt32(6)),
(toInt32(688),'DetailValue_688',false,toInt32(6)),
(toInt32(689),'DetailValue_689',false,toInt32(6)),
(toInt32(690),'DetailValue_690',true,toInt32(6)),
(toInt32(691),'DetailValue_691',false,toInt32(6)),
(toInt32(692),'DetailValue_692',false,toInt32(6)),
(toInt32(693),'DetailValue_693',true,toInt32(6)),
(toInt32(694),'DetailValue_694',false,toInt32(6)),
(toInt32(695),'DetailValue_695',false,toInt32(6)),
(toInt32(696),'DetailValue_696',true,toInt32(6)),
(toInt32(697),'DetailValue_697',false,toInt32(6)),
(toInt32(698),'DetailValue_698',false,toInt32(6)),
(toInt32(699),'DetailValue_699',true,toInt32(6)),
(toInt32(700),'DetailValue_700',false,toInt32(7)),
(toInt32(701),'DetailValue_701',false,toInt32(7)),
(toInt32(702),'DetailValue_702',true,toInt32(7)),
(toInt32(703),'DetailValue_703',false,toInt32(7)),
(toInt32(704),'DetailValue_704',false,toInt32(7)),
(toInt32(705),'DetailValue_705',true,toInt32(7)),
(toInt32(706),'DetailValue_706',false,toInt32(7)),
(toInt32(707),'DetailValue_707',false,toInt32(7)),
(toInt32(708),'DetailValue_708',true,toInt32(7)),
(toInt32(709),'DetailValue_709',false,toInt32(7)),
(toInt32(710),'DetailValue_710',false,toInt32(7)),
(toInt32(711),'DetailValue_711',true,toInt32(7)),
(toInt32(712),'DetailValue_712',false,toInt32(7)),
(toInt32(713),'DetailValue_713',false,toInt32(7)),
(toInt32(714),'DetailValue_714',true,toInt32(7)),
(toInt32(715),'DetailValue_715',false,toInt32(7)),
(toInt32(716),'DetailValue_716',false,toInt32(7)),
(toInt32(717),'DetailValue_717',true,toInt32(7)),
(toInt32(718),'DetailValue_718',false,toInt32(7)),
(toInt32(719),'DetailValue_719',false,toInt32(7)),
(toInt32(720),'DetailValue_720',true,toInt32(7)),
(toInt32(721),'DetailValue_721',false,toInt32(7)),
(toInt32(722),'DetailValue_722',false,toInt32(7)),
(toInt32(723),'DetailValue_723',true,toInt32(7)),
(toInt32(724),'DetailValue_724',false,toInt32(7)),
(toInt32(725),'DetailValue_725',false,toInt32(7)),
(toInt32(726),'DetailValue_726',true,toInt32(7)),
(toInt32(727),'DetailValue_727',false,toInt32(7)),
(toInt32(728),'DetailValue_728',false,toInt32(7)),
(toInt32(729),'DetailValue_729',true,toInt32(7)),
(toInt32(730),'DetailValue_730',false,toInt32(7)),
(toInt32(731),'DetailValue_731',false,toInt32(7)),
(toInt32(732),'DetailValue_732',true,toInt32(7)),
(toInt32(733),'DetailValue_733',false,toInt32(7)),
(toInt32(734),'DetailValue_734',false,toInt32(7)),
(toInt32(735),'DetailValue_735',true,toInt32(7)),
(toInt32(736),'DetailValue_736',false,toInt32(7)),
(toInt32(737),'DetailValue_737',false,toInt32(7)),
(toInt32(738),'DetailValue_738',true,toInt32(7)),
(toInt32(739),'DetailValue_739',false,toInt32(7)),
(toInt32(740),'DetailValue_740',false,toInt32(7)),
(toInt32(741),'DetailValue_741',true,toInt32(7)),
(toInt32(742),'DetailValue_742',false,toInt32(7)),
(toInt32(743),'DetailValue_743',false,toInt32(7)),
(toInt32(744),'DetailValue_744',true,toInt32(7)),
(toInt32(745),'DetailValue_745',false,toInt32(7)),
(toInt32(746),'DetailValue_746',false,toInt32(7)),
(toInt32(747),'DetailValue_747',true,toInt32(7)),
(toInt32(748),'DetailValue_748',false,toInt32(7)),
(toInt32(749),'DetailValue_749',false,toInt32(7)),
(toInt32(750),'DetailValue_750',true,toInt32(7)),
(toInt32(751),'DetailValue_751',false,toInt32(7)),
(toInt32(752),'DetailValue_752',false,toInt32(7)),
(toInt32(753),'DetailValue_753',true,toInt32(7)),
(toInt32(754),'DetailValue_754',false,toInt32(7)),
(toInt32(755),'DetailValue_755',false,toInt32(7)),
(toInt32(756),'DetailValue_756',true,toInt32(7)),
(toInt32(757),'DetailValue_757',false,toInt32(7)),
(toInt32(758),'DetailValue_758',false,toInt32(7)),
(toInt32(759),'DetailValue_759',true,toInt32(7)),
(toInt32(760),'DetailValue_760',false,toInt32(7)),
(toInt32(761),'DetailValue_761',false,toInt32(7)),
(toInt32(762),'DetailValue_762',true,toInt32(7)),
(toInt32(763),'DetailValue_763',false,toInt32(7)),
(toInt32(764),'DetailValue_764',false,toInt32(7)),
(toInt32(765),'DetailValue_765',true,toInt32(7)),
(toInt32(766),'DetailValue_766',false,toInt32(7)),
(toInt32(767),'DetailValue_767',false,toInt32(7)),
(toInt32(768),'DetailValue_768',true,toInt32(7)),
(toInt32(769),'DetailValue_769',false,toInt32(7)),
(toInt32(770),'DetailValue_770',false,toInt32(7)),
(toInt32(771),'DetailValue_771',true,toInt32(7)),
(toInt32(772),'DetailValue_772',false,toInt32(7)),
(toInt32(773),'DetailValue_773',false,toInt32(7)),
(toInt32(774),'DetailValue_774',true,toInt32(7)),
(toInt32(775),'DetailValue_775',false,toInt32(7)),
(toInt32(776),'DetailValue_776',false,toInt32(7)),
(toInt32(777),'DetailValue_777',true,toInt32(7)),
(toInt32(778),'DetailValue_778',false,toInt32(7)),
(toInt32(779),'DetailValue_779',false,toInt32(7)),
(toInt32(780),'DetailValue_780',true,toInt32(7)),
(toInt32(781),'DetailValue_781',false,toInt32(7)),
(toInt32(782),'DetailValue_782',false,toInt32(7)),
(toInt32(783),'DetailValue_783',true,toInt32(7)),
(toInt32(784),'DetailValue_784',false,toInt32(7)),
(toInt32(785),'DetailValue_785',false,toInt32(7)),
(toInt32(786),'DetailValue_786',true,toInt32(7)),
(toInt32(787),'DetailValue_787',false,toInt32(7)),
(toInt32(788),'DetailValue_788',false,toInt32(7)),
(toInt32(789),'DetailValue_789',true,toInt32(7)),
(toInt32(790),'DetailValue_790',false,toInt32(7)),
(toInt32(791),'DetailValue_791',false,toInt32(7)),
(toInt32(792),'DetailValue_792',true,toInt32(7)),
(toInt32(793),'DetailValue_793',false,toInt32(7)),
(toInt32(794),'DetailValue_794',false,toInt32(7)),
(toInt32(795),'DetailValue_795',true,toInt32(7)),
(toInt32(796),'DetailValue_796',false,toInt32(7)),
(toInt32(797),'DetailValue_797',false,toInt32(7)),
(toInt32(798),'DetailValue_798',true,toInt32(7)),
(toInt32(799),'DetailValue_799',false,toInt32(7)),
(toInt32(800),'DetailValue_800',false,toInt32(8)),
(toInt32(801),'DetailValue_801',true,toInt32(8)),
(toInt32(802),'DetailValue_802',false,toInt32(8)),
(toInt32(803),'DetailValue_803',false,toInt32(8)),
(toInt32(804),'DetailValue_804',true,toInt32(8)),
(toInt32(805),'DetailValue_805',false,toInt32(8)),
(toInt32(806),'DetailValue_806',false,toInt32(8)),
(toInt32(807),'DetailValue_807',true,toInt32(8)),
(toInt32(808),'DetailValue_808',false,toInt32(8)),
(toInt32(809),'DetailValue_809',false,toInt32(8)),
(toInt32(810),'DetailValue_810',true,toInt32(8)),
(toInt32(811),'DetailValue_811',false,toInt32(8)),
(toInt32(812),'DetailValue_812',false,toInt32(8)),
(toInt32(813),'DetailValue_813',true,toInt32(8)),
(toInt32(814),'DetailValue_814',false,toInt32(8)),
(toInt32(815),'DetailValue_815',false,toInt32(8)),
(toInt32(816),'DetailValue_816',true,toInt32(8)),
(toInt32(817),'DetailValue_817',false,toInt32(8)),
(toInt32(818),'DetailValue_818',false,toInt32(8)),
(toInt32(819),'DetailValue_819',true,toInt32(8)),
(toInt32(820),'DetailValue_820',false,toInt32(8)),
(toInt32(821),'DetailValue_821',false,toInt32(8)),
(toInt32(822),'DetailValue_822',true,toInt32(8)),
(toInt32(823),'DetailValue_823',false,toInt32(8)),
(toInt32(824),'DetailValue_824',false,toInt32(8)),
(toInt32(825),'DetailValue_825',true,toInt32(8)),
(toInt32(826),'DetailValue_826',false,toInt32(8)),
(toInt32(827),'DetailValue_827',false,toInt32(8)),
(toInt32(828),'DetailValue_828',true,toInt32(8)),
(toInt32(829),'DetailValue_829',false,toInt32(8)),
(toInt32(830),'DetailValue_830',false,toInt32(8)),
(toInt32(831),'DetailValue_831',true,toInt32(8)),
(toInt32(832),'DetailValue_832',false,toInt32(8)),
(toInt32(833),'DetailValue_833',false,toInt32(8)),
(toInt32(834),'DetailValue_834',true,toInt32(8)),
(toInt32(835),'DetailValue_835',false,toInt32(8)),
(toInt32(836),'DetailValue_836',false,toInt32(8)),
(toInt32(837),'DetailValue_837',true,toInt32(8)),
(toInt32(838),'DetailValue_838',false,toInt32(8)),
(toInt32(839),'DetailValue_839',false,toInt32(8)),
(toInt32(840),'DetailValue_840',true,toInt32(8)),
(toInt32(841),'DetailValue_841',false,toInt32(8)),
(toInt32(842),'DetailValue_842',false,toInt32(8)),
(toInt32(843),'DetailValue_843',true,toInt32(8)),
(toInt32(844),'DetailValue_844',false,toInt32(8)),
(toInt32(845),'DetailValue_845',false,toInt32(8)),
(toInt32(846),'DetailValue_846',true,toInt32(8)),
(toInt32(847),'DetailValue_847',false,toInt32(8)),
(toInt32(848),'DetailValue_848',false,toInt32(8)),
(toInt32(849),'DetailValue_849',true,toInt32(8)),
(toInt32(850),'DetailValue_850',false,toInt32(8)),
(toInt32(851),'DetailValue_851',false,toInt32(8)),
(toInt32(852),'DetailValue_852',true,toInt32(8)),
(toInt32(853),'DetailValue_853',false,toInt32(8)),
(toInt32(854),'DetailValue_854',false,toInt32(8)),
(toInt32(855),'DetailValue_855',true,toInt32(8)),
(toInt32(856),'DetailValue_856',false,toInt32(8)),
(toInt32(857),'DetailValue_857',false,toInt32(8)),
(toInt32(858),'DetailValue_858',true,toInt32(8)),
(toInt32(859),'DetailValue_859',false,toInt32(8)),
(toInt32(860),'DetailValue_860',false,toInt32(8)),
(toInt32(861),'DetailValue_861',true,toInt32(8)),
(toInt32(862),'DetailValue_862',false,toInt32(8)),
(toInt32(863),'DetailValue_863',false,toInt32(8)),
(toInt32(864),'DetailValue_864',true,toInt32(8)),
(toInt32(865),'DetailValue_865',false,toInt32(8)),
(toInt32(866),'DetailValue_866',false,toInt32(8)),
(toInt32(867),'DetailValue_867',true,toInt32(8)),
(toInt32(868),'DetailValue_868',false,toInt32(8)),
(toInt32(869),'DetailValue_869',false,toInt32(8)),
(toInt32(870),'DetailValue_870',true,toInt32(8)),
(toInt32(871),'DetailValue_871',false,toInt32(8)),
(toInt32(872),'DetailValue_872',false,toInt32(8)),
(toInt32(873),'DetailValue_873',true,toInt32(8)),
(toInt32(874),'DetailValue_874',false,toInt32(8)),
(toInt32(875),'DetailValue_875',false,toInt32(8)),
(toInt32(876),'DetailValue_876',true,toInt32(8)),
(toInt32(877),'DetailValue_877',false,toInt32(8)),
(toInt32(878),'DetailValue_878',false,toInt32(8)),
(toInt32(879),'DetailValue_879',true,toInt32(8)),
(toInt32(880),'DetailValue_880',false,toInt32(8)),
(toInt32(881),'DetailValue_881',false,toInt32(8)),
(toInt32(882),'DetailValue_882',true,toInt32(8)),
(toInt32(883),'DetailValue_883',false,toInt32(8)),
(toInt32(884),'DetailValue_884',false,toInt32(8)),
(toInt32(885),'DetailValue_885',true,toInt32(8)),
(toInt32(886),'DetailValue_886',false,toInt32(8)),
(toInt32(887),'DetailValue_887',false,toInt32(8)),
(toInt32(888),'DetailValue_888',true,toInt32(8)),
(toInt32(889),'DetailValue_889',false,toInt32(8)),
(toInt32(890),'DetailValue_890',false,toInt32(8)),
(toInt32(891),'DetailValue_891',true,toInt32(8)),
(toInt32(892),'DetailValue_892',false,toInt32(8)),
(toInt32(893),'DetailValue_893',false,toInt32(8)),
(toInt32(894),'DetailValue_894',true,toInt32(8)),
(toInt32(895),'DetailValue_895',false,toInt32(8)),
(toInt32(896),'DetailValue_896',false,toInt32(8)),
(toInt32(897),'DetailValue_897',true,toInt32(8)),
(toInt32(898),'DetailValue_898',false,toInt32(8)),
(toInt32(899),'DetailValue_899',false,toInt32(8)),
(toInt32(900),'DetailValue_900',true,toInt32(9)),
(toInt32(901),'DetailValue_901',false,toInt32(9)),
(toInt32(902),'DetailValue_902',false,toInt32(9)),
(toInt32(903),'DetailValue_903',true,toInt32(9)),
(toInt32(904),'DetailValue_904',false,toInt32(9)),
(toInt32(905),'DetailValue_905',false,toInt32(9)),
(toInt32(906),'DetailValue_906',true,toInt32(9)),
(toInt32(907),'DetailValue_907',false,toInt32(9)),
(toInt32(908),'DetailValue_908',false,toInt32(9)),
(toInt32(909),'DetailValue_909',true,toInt32(9)),
(toInt32(910),'DetailValue_910',false,toInt32(9)),
(toInt32(911),'DetailValue_911',false,toInt32(9)),
(toInt32(912),'DetailValue_912',true,toInt32(9)),
(toInt32(913),'DetailValue_913',false,toInt32(9)),
(toInt32(914),'DetailValue_914',false,toInt32(9)),
(toInt32(915),'DetailValue_915',true,toInt32(9)),
(toInt32(916),'DetailValue_916',false,toInt32(9)),
(toInt32(917),'DetailValue_917',false,toInt32(9)),
(toInt32(918),'DetailValue_918',true,toInt32(9)),
(toInt32(919),'DetailValue_919',false,toInt32(9)),
(toInt32(920),'DetailValue_920',false,toInt32(9)),
(toInt32(921),'DetailValue_921',true,toInt32(9)),
(toInt32(922),'DetailValue_922',false,toInt32(9)),
(toInt32(923),'DetailValue_923',false,toInt32(9)),
(toInt32(924),'DetailValue_924',true,toInt32(9)),
(toInt32(925),'DetailValue_925',false,toInt32(9)),
(toInt32(926),'DetailValue_926',false,toInt32(9)),
(toInt32(927),'DetailValue_927',true,toInt32(9)),
(toInt32(928),'DetailValue_928',false,toInt32(9)),
(toInt32(929),'DetailValue_929',false,toInt32(9)),
(toInt32(930),'DetailValue_930',true,toInt32(9)),
(toInt32(931),'DetailValue_931',false,toInt32(9)),
(toInt32(932),'DetailValue_932',false,toInt32(9)),
(toInt32(933),'DetailValue_933',true,toInt32(9)),
(toInt32(934),'DetailValue_934',false,toInt32(9)),
(toInt32(935),'DetailValue_935',false,toInt32(9)),
(toInt32(936),'DetailValue_936',true,toInt32(9)),
(toInt32(937),'DetailValue_937',false,toInt32(9)),
(toInt32(938),'DetailValue_938',false,toInt32(9)),
(toInt32(939),'DetailValue_939',true,toInt32(9)),
(toInt32(940),'DetailValue_940',false,toInt32(9)),
(toInt32(941),'DetailValue_941',false,toInt32(9)),
(toInt32(942),'DetailValue_942',true,toInt32(9)),
(toInt32(943),'DetailValue_943',false,toInt32(9)),
(toInt32(944),'DetailValue_944',false,toInt32(9)),
(toInt32(945),'DetailValue_945',true,toInt32(9)),
(toInt32(946),'DetailValue_946',false,toInt32(9)),
(toInt32(947),'DetailValue_947',false,toInt32(9)),
(toInt32(948),'DetailValue_948',true,toInt32(9)),
(toInt32(949),'DetailValue_949',false,toInt32(9)),
(toInt32(950),'DetailValue_950',false,toInt32(9)),
(toInt32(951),'DetailValue_951',true,toInt32(9)),
(toInt32(952),'DetailValue_952',false,toInt32(9)),
(toInt32(953),'DetailValue_953',false,toInt32(9)),
(toInt32(954),'DetailValue_954',true,toInt32(9)),
(toInt32(955),'DetailValue_955',false,toInt32(9)),
(toInt32(956),'DetailValue_956',false,toInt32(9)),
(toInt32(957),'DetailValue_957',true,toInt32(9)),
(toInt32(958),'DetailValue_958',false,toInt32(9)),
(toInt32(959),'DetailValue_959',false,toInt32(9)),
(toInt32(960),'DetailValue_960',true,toInt32(9)),
(toInt32(961),'DetailValue_961',false,toInt32(9)),
(toInt32(962),'DetailValue_962',false,toInt32(9)),
(toInt32(963),'DetailValue_963',true,toInt32(9)),
(toInt32(964),'DetailValue_964',false,toInt32(9)),
(toInt32(965),'DetailValue_965',false,toInt32(9)),
(toInt32(966),'DetailValue_966',true,toInt32(9)),
(toInt32(967),'DetailValue_967',false,toInt32(9)),
(toInt32(968),'DetailValue_968',false,toInt32(9)),
(toInt32(969),'DetailValue_969',true,toInt32(9)),
(toInt32(970),'DetailValue_970',false,toInt32(9)),
(toInt32(971),'DetailValue_971',false,toInt32(9)),
(toInt32(972),'DetailValue_972',true,toInt32(9)),
(toInt32(973),'DetailValue_973',false,toInt32(9)),
(toInt32(974),'DetailValue_974',false,toInt32(9)),
(toInt32(975),'DetailValue_975',true,toInt32(9)),
(toInt32(976),'DetailValue_976',false,toInt32(9)),
(toInt32(977),'DetailValue_977',false,toInt32(9)),
(toInt32(978),'DetailValue_978',true,toInt32(9)),
(toInt32(979),'DetailValue_979',false,toInt32(9)),
(toInt32(980),'DetailValue_980',false,toInt32(9)),
(toInt32(981),'DetailValue_981',true,toInt32(9)),
(toInt32(982),'DetailValue_982',false,toInt32(9)),
(toInt32(983),'DetailValue_983',false,toInt32(9)),
(toInt32(984),'DetailValue_984',true,toInt32(9)),
(toInt32(985),'DetailValue_985',false,toInt32(9)),
(toInt32(986),'DetailValue_986',false,toInt32(9)),
(toInt32(987),'DetailValue_987',true,toInt32(9)),
(toInt32(988),'DetailValue_988',false,toInt32(9)),
(toInt32(989),'DetailValue_989',false,toInt32(9)),
(toInt32(990),'DetailValue_990',true,toInt32(9)),
(toInt32(991),'DetailValue_991',false,toInt32(9)),
(toInt32(992),'DetailValue_992',false,toInt32(9)),
(toInt32(993),'DetailValue_993',true,toInt32(9)),
(toInt32(994),'DetailValue_994',false,toInt32(9)),
(toInt32(995),'DetailValue_995',false,toInt32(9)),
(toInt32(996),'DetailValue_996',true,toInt32(9)),
(toInt32(997),'DetailValue_997',false,toInt32(9)),
(toInt32(998),'DetailValue_998',false,toInt32(9)),
(toInt32(999),'DetailValue_999',true,toInt32(9)),
(toInt32(1000),'DetailValue_1000',false,toInt32(10))

BeforeExecute
-- ClickHouse.Client ClickHouse

SELECT
	e.Id,
	e.Value,
	e.IsDeleted
FROM
	MasterClass e
WHERE
	e.IsDeleted = false

BeforeExecute
-- ClickHouse.Client ClickHouse

SELECT
	e.Id,
	e.Value,
	e.IsDeleted
FROM
	MasterClass e

BeforeExecute
-- ClickHouse.Client ClickHouse

SELECT
	e.Id,
	e.Value,
	e.IsDeleted
FROM
	MasterClass e
WHERE
	e.IsDeleted = false

BeforeExecute
-- ClickHouse.Client ClickHouse

SELECT
	e.Id,
	e.Value,
	e.IsDeleted
FROM
	MasterClass e

BeforeExecute
-- ClickHouse.Client ClickHouse

DROP TABLE IF EXISTS DetailClass

BeforeExecute
-- ClickHouse.Client ClickHouse

DROP TABLE IF EXISTS InfoClass

BeforeExecute
-- ClickHouse.Client ClickHouse

DROP TABLE IF EXISTS MasterClass

