BeforeExecute
-- ClickHouse.Client ClickHouse

DROP TABLE IF EXISTS MasterClass

BeforeExecute
-- ClickHouse.Client ClickHouse

CREATE TABLE IF NOT EXISTS MasterClass
(
	Id        Int32,
	Value     Nullable(String),
	IsDeleted Bool
)
ENGINE = Memory()

BeforeExecute
-- ClickHouse.Client ClickHouse

INSERT INTO MasterClass
(
	Id,
	Value,
	IsDeleted
)
VALUES
(toInt32(1),'MasterValue_1',false),
(toInt32(2),'MasterValue_2',false),
(toInt32(3),'MasterValue_3',true),
(toInt32(4),'MasterValue_4',false),
(toInt32(5),'MasterValue_5',false),
(toInt32(6),'MasterValue_6',true),
(toInt32(7),'MasterValue_7',false),
(toInt32(8),'MasterValue_8',false),
(toInt32(9),'MasterValue_9',true),
(toInt32(10),'MasterValue_10',false)

BeforeExecute
-- ClickHouse.Client ClickHouse

DROP TABLE IF EXISTS InfoClass

BeforeExecute
-- ClickHouse.Client ClickHouse

CREATE TABLE IF NOT EXISTS InfoClass
(
	Id        Int32,
	Value     Nullable(String),
	IsDeleted Bool,
	MasterId  Nullable(Int32)
)
ENGINE = Memory()

BeforeExecute
-- ClickHouse.Client ClickHouse

INSERT INTO InfoClass
(
	Id,
	Value,
	IsDeleted,
	MasterId
)
VALUES
(toInt32(1),'InfoValue_1',false,NULL),
(toInt32(2),'InfoValue_2',false,NULL),
(toInt32(3),'InfoValue_3',true,NULL),
(toInt32(4),'InfoValue_4',false,toInt32(4)),
(toInt32(5),'InfoValue_5',false,NULL),
(toInt32(6),'InfoValue_6',true,NULL),
(toInt32(7),'InfoValue_7',false,NULL),
(toInt32(8),'InfoValue_8',false,toInt32(8)),
(toInt32(9),'InfoValue_9',true,NULL),
(toInt32(10),'InfoValue_10',false,NULL)

BeforeExecute
-- ClickHouse.Client ClickHouse

DROP TABLE IF EXISTS DetailClass

BeforeExecute
-- ClickHouse.Client ClickHouse

CREATE TABLE IF NOT EXISTS DetailClass
(
	Id        Int32,
	Value     Nullable(String),
	MasterId  Nullable(Int32),
	IsDeleted Bool
)
ENGINE = Memory()

BeforeExecute
-- ClickHouse.Client ClickHouse

INSERT INTO DetailClass
(
	Id,
	Value,
	MasterId,
	IsDeleted
)
VALUES
(toInt32(1),'DetailValue_1',toInt32(0),false),
(toInt32(2),'DetailValue_2',toInt32(0),false),
(toInt32(3),'DetailValue_3',toInt32(0),true),
(toInt32(4),'DetailValue_4',toInt32(0),false),
(toInt32(5),'DetailValue_5',toInt32(0),false),
(toInt32(6),'DetailValue_6',toInt32(0),true),
(toInt32(7),'DetailValue_7',toInt32(0),false),
(toInt32(8),'DetailValue_8',toInt32(0),false),
(toInt32(9),'DetailValue_9',toInt32(0),true),
(toInt32(10),'DetailValue_10',toInt32(0),false),
(toInt32(11),'DetailValue_11',toInt32(0),false),
(toInt32(12),'DetailValue_12',toInt32(0),true),
(toInt32(13),'DetailValue_13',toInt32(0),false),
(toInt32(14),'DetailValue_14',toInt32(0),false),
(toInt32(15),'DetailValue_15',toInt32(0),true),
(toInt32(16),'DetailValue_16',toInt32(0),false),
(toInt32(17),'DetailValue_17',toInt32(0),false),
(toInt32(18),'DetailValue_18',toInt32(0),true),
(toInt32(19),'DetailValue_19',toInt32(0),false),
(toInt32(20),'DetailValue_20',toInt32(0),false),
(toInt32(21),'DetailValue_21',toInt32(0),true),
(toInt32(22),'DetailValue_22',toInt32(0),false),
(toInt32(23),'DetailValue_23',toInt32(0),false),
(toInt32(24),'DetailValue_24',toInt32(0),true),
(toInt32(25),'DetailValue_25',toInt32(0),false),
(toInt32(26),'DetailValue_26',toInt32(0),false),
(toInt32(27),'DetailValue_27',toInt32(0),true),
(toInt32(28),'DetailValue_28',toInt32(0),false),
(toInt32(29),'DetailValue_29',toInt32(0),false),
(toInt32(30),'DetailValue_30',toInt32(0),true),
(toInt32(31),'DetailValue_31',toInt32(0),false),
(toInt32(32),'DetailValue_32',toInt32(0),false),
(toInt32(33),'DetailValue_33',toInt32(0),true),
(toInt32(34),'DetailValue_34',toInt32(0),false),
(toInt32(35),'DetailValue_35',toInt32(0),false),
(toInt32(36),'DetailValue_36',toInt32(0),true),
(toInt32(37),'DetailValue_37',toInt32(0),false),
(toInt32(38),'DetailValue_38',toInt32(0),false),
(toInt32(39),'DetailValue_39',toInt32(0),true),
(toInt32(40),'DetailValue_40',toInt32(0),false),
(toInt32(41),'DetailValue_41',toInt32(0),false),
(toInt32(42),'DetailValue_42',toInt32(0),true),
(toInt32(43),'DetailValue_43',toInt32(0),false),
(toInt32(44),'DetailValue_44',toInt32(0),false),
(toInt32(45),'DetailValue_45',toInt32(0),true),
(toInt32(46),'DetailValue_46',toInt32(0),false),
(toInt32(47),'DetailValue_47',toInt32(0),false),
(toInt32(48),'DetailValue_48',toInt32(0),true),
(toInt32(49),'DetailValue_49',toInt32(0),false),
(toInt32(50),'DetailValue_50',toInt32(0),false),
(toInt32(51),'DetailValue_51',toInt32(0),true),
(toInt32(52),'DetailValue_52',toInt32(0),false),
(toInt32(53),'DetailValue_53',toInt32(0),false),
(toInt32(54),'DetailValue_54',toInt32(0),true),
(toInt32(55),'DetailValue_55',toInt32(0),false),
(toInt32(56),'DetailValue_56',toInt32(0),false),
(toInt32(57),'DetailValue_57',toInt32(0),true),
(toInt32(58),'DetailValue_58',toInt32(0),false),
(toInt32(59),'DetailValue_59',toInt32(0),false),
(toInt32(60),'DetailValue_60',toInt32(0),true),
(toInt32(61),'DetailValue_61',toInt32(0),false),
(toInt32(62),'DetailValue_62',toInt32(0),false),
(toInt32(63),'DetailValue_63',toInt32(0),true),
(toInt32(64),'DetailValue_64',toInt32(0),false),
(toInt32(65),'DetailValue_65',toInt32(0),false),
(toInt32(66),'DetailValue_66',toInt32(0),true),
(toInt32(67),'DetailValue_67',toInt32(0),false),
(toInt32(68),'DetailValue_68',toInt32(0),false),
(toInt32(69),'DetailValue_69',toInt32(0),true),
(toInt32(70),'DetailValue_70',toInt32(0),false),
(toInt32(71),'DetailValue_71',toInt32(0),false),
(toInt32(72),'DetailValue_72',toInt32(0),true),
(toInt32(73),'DetailValue_73',toInt32(0),false),
(toInt32(74),'DetailValue_74',toInt32(0),false),
(toInt32(75),'DetailValue_75',toInt32(0),true),
(toInt32(76),'DetailValue_76',toInt32(0),false),
(toInt32(77),'DetailValue_77',toInt32(0),false),
(toInt32(78),'DetailValue_78',toInt32(0),true),
(toInt32(79),'DetailValue_79',toInt32(0),false),
(toInt32(80),'DetailValue_80',toInt32(0),false),
(toInt32(81),'DetailValue_81',toInt32(0),true),
(toInt32(82),'DetailValue_82',toInt32(0),false),
(toInt32(83),'DetailValue_83',toInt32(0),false),
(toInt32(84),'DetailValue_84',toInt32(0),true),
(toInt32(85),'DetailValue_85',toInt32(0),false),
(toInt32(86),'DetailValue_86',toInt32(0),false),
(toInt32(87),'DetailValue_87',toInt32(0),true),
(toInt32(88),'DetailValue_88',toInt32(0),false),
(toInt32(89),'DetailValue_89',toInt32(0),false),
(toInt32(90),'DetailValue_90',toInt32(0),true),
(toInt32(91),'DetailValue_91',toInt32(0),false),
(toInt32(92),'DetailValue_92',toInt32(0),false),
(toInt32(93),'DetailValue_93',toInt32(0),true),
(toInt32(94),'DetailValue_94',toInt32(0),false),
(toInt32(95),'DetailValue_95',toInt32(0),false),
(toInt32(96),'DetailValue_96',toInt32(0),true),
(toInt32(97),'DetailValue_97',toInt32(0),false),
(toInt32(98),'DetailValue_98',toInt32(0),false),
(toInt32(99),'DetailValue_99',toInt32(0),true),
(toInt32(100),'DetailValue_100',toInt32(1),false),
(toInt32(101),'DetailValue_101',toInt32(1),false),
(toInt32(102),'DetailValue_102',toInt32(1),true),
(toInt32(103),'DetailValue_103',toInt32(1),false),
(toInt32(104),'DetailValue_104',toInt32(1),false),
(toInt32(105),'DetailValue_105',toInt32(1),true),
(toInt32(106),'DetailValue_106',toInt32(1),false),
(toInt32(107),'DetailValue_107',toInt32(1),false),
(toInt32(108),'DetailValue_108',toInt32(1),true),
(toInt32(109),'DetailValue_109',toInt32(1),false),
(toInt32(110),'DetailValue_110',toInt32(1),false),
(toInt32(111),'DetailValue_111',toInt32(1),true),
(toInt32(112),'DetailValue_112',toInt32(1),false),
(toInt32(113),'DetailValue_113',toInt32(1),false),
(toInt32(114),'DetailValue_114',toInt32(1),true),
(toInt32(115),'DetailValue_115',toInt32(1),false),
(toInt32(116),'DetailValue_116',toInt32(1),false),
(toInt32(117),'DetailValue_117',toInt32(1),true),
(toInt32(118),'DetailValue_118',toInt32(1),false),
(toInt32(119),'DetailValue_119',toInt32(1),false),
(toInt32(120),'DetailValue_120',toInt32(1),true),
(toInt32(121),'DetailValue_121',toInt32(1),false),
(toInt32(122),'DetailValue_122',toInt32(1),false),
(toInt32(123),'DetailValue_123',toInt32(1),true),
(toInt32(124),'DetailValue_124',toInt32(1),false),
(toInt32(125),'DetailValue_125',toInt32(1),false),
(toInt32(126),'DetailValue_126',toInt32(1),true),
(toInt32(127),'DetailValue_127',toInt32(1),false),
(toInt32(128),'DetailValue_128',toInt32(1),false),
(toInt32(129),'DetailValue_129',toInt32(1),true),
(toInt32(130),'DetailValue_130',toInt32(1),false),
(toInt32(131),'DetailValue_131',toInt32(1),false),
(toInt32(132),'DetailValue_132',toInt32(1),true),
(toInt32(133),'DetailValue_133',toInt32(1),false),
(toInt32(134),'DetailValue_134',toInt32(1),false),
(toInt32(135),'DetailValue_135',toInt32(1),true),
(toInt32(136),'DetailValue_136',toInt32(1),false),
(toInt32(137),'DetailValue_137',toInt32(1),false),
(toInt32(138),'DetailValue_138',toInt32(1),true),
(toInt32(139),'DetailValue_139',toInt32(1),false),
(toInt32(140),'DetailValue_140',toInt32(1),false),
(toInt32(141),'DetailValue_141',toInt32(1),true),
(toInt32(142),'DetailValue_142',toInt32(1),false),
(toInt32(143),'DetailValue_143',toInt32(1),false),
(toInt32(144),'DetailValue_144',toInt32(1),true),
(toInt32(145),'DetailValue_145',toInt32(1),false),
(toInt32(146),'DetailValue_146',toInt32(1),false),
(toInt32(147),'DetailValue_147',toInt32(1),true),
(toInt32(148),'DetailValue_148',toInt32(1),false),
(toInt32(149),'DetailValue_149',toInt32(1),false),
(toInt32(150),'DetailValue_150',toInt32(1),true),
(toInt32(151),'DetailValue_151',toInt32(1),false),
(toInt32(152),'DetailValue_152',toInt32(1),false),
(toInt32(153),'DetailValue_153',toInt32(1),true),
(toInt32(154),'DetailValue_154',toInt32(1),false),
(toInt32(155),'DetailValue_155',toInt32(1),false),
(toInt32(156),'DetailValue_156',toInt32(1),true),
(toInt32(157),'DetailValue_157',toInt32(1),false),
(toInt32(158),'DetailValue_158',toInt32(1),false),
(toInt32(159),'DetailValue_159',toInt32(1),true),
(toInt32(160),'DetailValue_160',toInt32(1),false),
(toInt32(161),'DetailValue_161',toInt32(1),false),
(toInt32(162),'DetailValue_162',toInt32(1),true),
(toInt32(163),'DetailValue_163',toInt32(1),false),
(toInt32(164),'DetailValue_164',toInt32(1),false),
(toInt32(165),'DetailValue_165',toInt32(1),true),
(toInt32(166),'DetailValue_166',toInt32(1),false),
(toInt32(167),'DetailValue_167',toInt32(1),false),
(toInt32(168),'DetailValue_168',toInt32(1),true),
(toInt32(169),'DetailValue_169',toInt32(1),false),
(toInt32(170),'DetailValue_170',toInt32(1),false),
(toInt32(171),'DetailValue_171',toInt32(1),true),
(toInt32(172),'DetailValue_172',toInt32(1),false),
(toInt32(173),'DetailValue_173',toInt32(1),false),
(toInt32(174),'DetailValue_174',toInt32(1),true),
(toInt32(175),'DetailValue_175',toInt32(1),false),
(toInt32(176),'DetailValue_176',toInt32(1),false),
(toInt32(177),'DetailValue_177',toInt32(1),true),
(toInt32(178),'DetailValue_178',toInt32(1),false),
(toInt32(179),'DetailValue_179',toInt32(1),false),
(toInt32(180),'DetailValue_180',toInt32(1),true),
(toInt32(181),'DetailValue_181',toInt32(1),false),
(toInt32(182),'DetailValue_182',toInt32(1),false),
(toInt32(183),'DetailValue_183',toInt32(1),true),
(toInt32(184),'DetailValue_184',toInt32(1),false),
(toInt32(185),'DetailValue_185',toInt32(1),false),
(toInt32(186),'DetailValue_186',toInt32(1),true),
(toInt32(187),'DetailValue_187',toInt32(1),false),
(toInt32(188),'DetailValue_188',toInt32(1),false),
(toInt32(189),'DetailValue_189',toInt32(1),true),
(toInt32(190),'DetailValue_190',toInt32(1),false),
(toInt32(191),'DetailValue_191',toInt32(1),false),
(toInt32(192),'DetailValue_192',toInt32(1),true),
(toInt32(193),'DetailValue_193',toInt32(1),false),
(toInt32(194),'DetailValue_194',toInt32(1),false),
(toInt32(195),'DetailValue_195',toInt32(1),true),
(toInt32(196),'DetailValue_196',toInt32(1),false),
(toInt32(197),'DetailValue_197',toInt32(1),false),
(toInt32(198),'DetailValue_198',toInt32(1),true),
(toInt32(199),'DetailValue_199',toInt32(1),false),
(toInt32(200),'DetailValue_200',toInt32(2),false),
(toInt32(201),'DetailValue_201',toInt32(2),true),
(toInt32(202),'DetailValue_202',toInt32(2),false),
(toInt32(203),'DetailValue_203',toInt32(2),false),
(toInt32(204),'DetailValue_204',toInt32(2),true),
(toInt32(205),'DetailValue_205',toInt32(2),false),
(toInt32(206),'DetailValue_206',toInt32(2),false),
(toInt32(207),'DetailValue_207',toInt32(2),true),
(toInt32(208),'DetailValue_208',toInt32(2),false),
(toInt32(209),'DetailValue_209',toInt32(2),false),
(toInt32(210),'DetailValue_210',toInt32(2),true),
(toInt32(211),'DetailValue_211',toInt32(2),false),
(toInt32(212),'DetailValue_212',toInt32(2),false),
(toInt32(213),'DetailValue_213',toInt32(2),true),
(toInt32(214),'DetailValue_214',toInt32(2),false),
(toInt32(215),'DetailValue_215',toInt32(2),false),
(toInt32(216),'DetailValue_216',toInt32(2),true),
(toInt32(217),'DetailValue_217',toInt32(2),false),
(toInt32(218),'DetailValue_218',toInt32(2),false),
(toInt32(219),'DetailValue_219',toInt32(2),true),
(toInt32(220),'DetailValue_220',toInt32(2),false),
(toInt32(221),'DetailValue_221',toInt32(2),false),
(toInt32(222),'DetailValue_222',toInt32(2),true),
(toInt32(223),'DetailValue_223',toInt32(2),false),
(toInt32(224),'DetailValue_224',toInt32(2),false),
(toInt32(225),'DetailValue_225',toInt32(2),true),
(toInt32(226),'DetailValue_226',toInt32(2),false),
(toInt32(227),'DetailValue_227',toInt32(2),false),
(toInt32(228),'DetailValue_228',toInt32(2),true),
(toInt32(229),'DetailValue_229',toInt32(2),false),
(toInt32(230),'DetailValue_230',toInt32(2),false),
(toInt32(231),'DetailValue_231',toInt32(2),true),
(toInt32(232),'DetailValue_232',toInt32(2),false),
(toInt32(233),'DetailValue_233',toInt32(2),false),
(toInt32(234),'DetailValue_234',toInt32(2),true),
(toInt32(235),'DetailValue_235',toInt32(2),false),
(toInt32(236),'DetailValue_236',toInt32(2),false),
(toInt32(237),'DetailValue_237',toInt32(2),true),
(toInt32(238),'DetailValue_238',toInt32(2),false),
(toInt32(239),'DetailValue_239',toInt32(2),false),
(toInt32(240),'DetailValue_240',toInt32(2),true),
(toInt32(241),'DetailValue_241',toInt32(2),false),
(toInt32(242),'DetailValue_242',toInt32(2),false),
(toInt32(243),'DetailValue_243',toInt32(2),true),
(toInt32(244),'DetailValue_244',toInt32(2),false),
(toInt32(245),'DetailValue_245',toInt32(2),false),
(toInt32(246),'DetailValue_246',toInt32(2),true),
(toInt32(247),'DetailValue_247',toInt32(2),false),
(toInt32(248),'DetailValue_248',toInt32(2),false),
(toInt32(249),'DetailValue_249',toInt32(2),true),
(toInt32(250),'DetailValue_250',toInt32(2),false),
(toInt32(251),'DetailValue_251',toInt32(2),false),
(toInt32(252),'DetailValue_252',toInt32(2),true),
(toInt32(253),'DetailValue_253',toInt32(2),false),
(toInt32(254),'DetailValue_254',toInt32(2),false),
(toInt32(255),'DetailValue_255',toInt32(2),true),
(toInt32(256),'DetailValue_256',toInt32(2),false),
(toInt32(257),'DetailValue_257',toInt32(2),false),
(toInt32(258),'DetailValue_258',toInt32(2),true),
(toInt32(259),'DetailValue_259',toInt32(2),false),
(toInt32(260),'DetailValue_260',toInt32(2),false),
(toInt32(261),'DetailValue_261',toInt32(2),true),
(toInt32(262),'DetailValue_262',toInt32(2),false),
(toInt32(263),'DetailValue_263',toInt32(2),false),
(toInt32(264),'DetailValue_264',toInt32(2),true),
(toInt32(265),'DetailValue_265',toInt32(2),false),
(toInt32(266),'DetailValue_266',toInt32(2),false),
(toInt32(267),'DetailValue_267',toInt32(2),true),
(toInt32(268),'DetailValue_268',toInt32(2),false),
(toInt32(269),'DetailValue_269',toInt32(2),false),
(toInt32(270),'DetailValue_270',toInt32(2),true),
(toInt32(271),'DetailValue_271',toInt32(2),false),
(toInt32(272),'DetailValue_272',toInt32(2),false),
(toInt32(273),'DetailValue_273',toInt32(2),true),
(toInt32(274),'DetailValue_274',toInt32(2),false),
(toInt32(275),'DetailValue_275',toInt32(2),false),
(toInt32(276),'DetailValue_276',toInt32(2),true),
(toInt32(277),'DetailValue_277',toInt32(2),false),
(toInt32(278),'DetailValue_278',toInt32(2),false),
(toInt32(279),'DetailValue_279',toInt32(2),true),
(toInt32(280),'DetailValue_280',toInt32(2),false),
(toInt32(281),'DetailValue_281',toInt32(2),false),
(toInt32(282),'DetailValue_282',toInt32(2),true),
(toInt32(283),'DetailValue_283',toInt32(2),false),
(toInt32(284),'DetailValue_284',toInt32(2),false),
(toInt32(285),'DetailValue_285',toInt32(2),true),
(toInt32(286),'DetailValue_286',toInt32(2),false),
(toInt32(287),'DetailValue_287',toInt32(2),false),
(toInt32(288),'DetailValue_288',toInt32(2),true),
(toInt32(289),'DetailValue_289',toInt32(2),false),
(toInt32(290),'DetailValue_290',toInt32(2),false),
(toInt32(291),'DetailValue_291',toInt32(2),true),
(toInt32(292),'DetailValue_292',toInt32(2),false),
(toInt32(293),'DetailValue_293',toInt32(2),false),
(toInt32(294),'DetailValue_294',toInt32(2),true),
(toInt32(295),'DetailValue_295',toInt32(2),false),
(toInt32(296),'DetailValue_296',toInt32(2),false),
(toInt32(297),'DetailValue_297',toInt32(2),true),
(toInt32(298),'DetailValue_298',toInt32(2),false),
(toInt32(299),'DetailValue_299',toInt32(2),false),
(toInt32(300),'DetailValue_300',toInt32(3),true),
(toInt32(301),'DetailValue_301',toInt32(3),false),
(toInt32(302),'DetailValue_302',toInt32(3),false),
(toInt32(303),'DetailValue_303',toInt32(3),true),
(toInt32(304),'DetailValue_304',toInt32(3),false),
(toInt32(305),'DetailValue_305',toInt32(3),false),
(toInt32(306),'DetailValue_306',toInt32(3),true),
(toInt32(307),'DetailValue_307',toInt32(3),false),
(toInt32(308),'DetailValue_308',toInt32(3),false),
(toInt32(309),'DetailValue_309',toInt32(3),true),
(toInt32(310),'DetailValue_310',toInt32(3),false),
(toInt32(311),'DetailValue_311',toInt32(3),false),
(toInt32(312),'DetailValue_312',toInt32(3),true),
(toInt32(313),'DetailValue_313',toInt32(3),false),
(toInt32(314),'DetailValue_314',toInt32(3),false),
(toInt32(315),'DetailValue_315',toInt32(3),true),
(toInt32(316),'DetailValue_316',toInt32(3),false),
(toInt32(317),'DetailValue_317',toInt32(3),false),
(toInt32(318),'DetailValue_318',toInt32(3),true),
(toInt32(319),'DetailValue_319',toInt32(3),false),
(toInt32(320),'DetailValue_320',toInt32(3),false),
(toInt32(321),'DetailValue_321',toInt32(3),true),
(toInt32(322),'DetailValue_322',toInt32(3),false),
(toInt32(323),'DetailValue_323',toInt32(3),false),
(toInt32(324),'DetailValue_324',toInt32(3),true),
(toInt32(325),'DetailValue_325',toInt32(3),false),
(toInt32(326),'DetailValue_326',toInt32(3),false),
(toInt32(327),'DetailValue_327',toInt32(3),true),
(toInt32(328),'DetailValue_328',toInt32(3),false),
(toInt32(329),'DetailValue_329',toInt32(3),false),
(toInt32(330),'DetailValue_330',toInt32(3),true),
(toInt32(331),'DetailValue_331',toInt32(3),false),
(toInt32(332),'DetailValue_332',toInt32(3),false),
(toInt32(333),'DetailValue_333',toInt32(3),true),
(toInt32(334),'DetailValue_334',toInt32(3),false),
(toInt32(335),'DetailValue_335',toInt32(3),false),
(toInt32(336),'DetailValue_336',toInt32(3),true),
(toInt32(337),'DetailValue_337',toInt32(3),false),
(toInt32(338),'DetailValue_338',toInt32(3),false),
(toInt32(339),'DetailValue_339',toInt32(3),true),
(toInt32(340),'DetailValue_340',toInt32(3),false),
(toInt32(341),'DetailValue_341',toInt32(3),false),
(toInt32(342),'DetailValue_342',toInt32(3),true),
(toInt32(343),'DetailValue_343',toInt32(3),false),
(toInt32(344),'DetailValue_344',toInt32(3),false),
(toInt32(345),'DetailValue_345',toInt32(3),true),
(toInt32(346),'DetailValue_346',toInt32(3),false),
(toInt32(347),'DetailValue_347',toInt32(3),false),
(toInt32(348),'DetailValue_348',toInt32(3),true),
(toInt32(349),'DetailValue_349',toInt32(3),false),
(toInt32(350),'DetailValue_350',toInt32(3),false),
(toInt32(351),'DetailValue_351',toInt32(3),true),
(toInt32(352),'DetailValue_352',toInt32(3),false),
(toInt32(353),'DetailValue_353',toInt32(3),false),
(toInt32(354),'DetailValue_354',toInt32(3),true),
(toInt32(355),'DetailValue_355',toInt32(3),false),
(toInt32(356),'DetailValue_356',toInt32(3),false),
(toInt32(357),'DetailValue_357',toInt32(3),true),
(toInt32(358),'DetailValue_358',toInt32(3),false),
(toInt32(359),'DetailValue_359',toInt32(3),false),
(toInt32(360),'DetailValue_360',toInt32(3),true),
(toInt32(361),'DetailValue_361',toInt32(3),false),
(toInt32(362),'DetailValue_362',toInt32(3),false),
(toInt32(363),'DetailValue_363',toInt32(3),true),
(toInt32(364),'DetailValue_364',toInt32(3),false),
(toInt32(365),'DetailValue_365',toInt32(3),false),
(toInt32(366),'DetailValue_366',toInt32(3),true),
(toInt32(367),'DetailValue_367',toInt32(3),false),
(toInt32(368),'DetailValue_368',toInt32(3),false),
(toInt32(369),'DetailValue_369',toInt32(3),true),
(toInt32(370),'DetailValue_370',toInt32(3),false),
(toInt32(371),'DetailValue_371',toInt32(3),false),
(toInt32(372),'DetailValue_372',toInt32(3),true),
(toInt32(373),'DetailValue_373',toInt32(3),false),
(toInt32(374),'DetailValue_374',toInt32(3),false),
(toInt32(375),'DetailValue_375',toInt32(3),true),
(toInt32(376),'DetailValue_376',toInt32(3),false),
(toInt32(377),'DetailValue_377',toInt32(3),false),
(toInt32(378),'DetailValue_378',toInt32(3),true),
(toInt32(379),'DetailValue_379',toInt32(3),false),
(toInt32(380),'DetailValue_380',toInt32(3),false),
(toInt32(381),'DetailValue_381',toInt32(3),true),
(toInt32(382),'DetailValue_382',toInt32(3),false),
(toInt32(383),'DetailValue_383',toInt32(3),false),
(toInt32(384),'DetailValue_384',toInt32(3),true),
(toInt32(385),'DetailValue_385',toInt32(3),false),
(toInt32(386),'DetailValue_386',toInt32(3),false),
(toInt32(387),'DetailValue_387',toInt32(3),true),
(toInt32(388),'DetailValue_388',toInt32(3),false),
(toInt32(389),'DetailValue_389',toInt32(3),false),
(toInt32(390),'DetailValue_390',toInt32(3),true),
(toInt32(391),'DetailValue_391',toInt32(3),false),
(toInt32(392),'DetailValue_392',toInt32(3),false),
(toInt32(393),'DetailValue_393',toInt32(3),true),
(toInt32(394),'DetailValue_394',toInt32(3),false),
(toInt32(395),'DetailValue_395',toInt32(3),false),
(toInt32(396),'DetailValue_396',toInt32(3),true),
(toInt32(397),'DetailValue_397',toInt32(3),false),
(toInt32(398),'DetailValue_398',toInt32(3),false),
(toInt32(399),'DetailValue_399',toInt32(3),true),
(toInt32(400),'DetailValue_400',toInt32(4),false),
(toInt32(401),'DetailValue_401',toInt32(4),false),
(toInt32(402),'DetailValue_402',toInt32(4),true),
(toInt32(403),'DetailValue_403',toInt32(4),false),
(toInt32(404),'DetailValue_404',toInt32(4),false),
(toInt32(405),'DetailValue_405',toInt32(4),true),
(toInt32(406),'DetailValue_406',toInt32(4),false),
(toInt32(407),'DetailValue_407',toInt32(4),false),
(toInt32(408),'DetailValue_408',toInt32(4),true),
(toInt32(409),'DetailValue_409',toInt32(4),false),
(toInt32(410),'DetailValue_410',toInt32(4),false),
(toInt32(411),'DetailValue_411',toInt32(4),true),
(toInt32(412),'DetailValue_412',toInt32(4),false),
(toInt32(413),'DetailValue_413',toInt32(4),false),
(toInt32(414),'DetailValue_414',toInt32(4),true),
(toInt32(415),'DetailValue_415',toInt32(4),false),
(toInt32(416),'DetailValue_416',toInt32(4),false),
(toInt32(417),'DetailValue_417',toInt32(4),true),
(toInt32(418),'DetailValue_418',toInt32(4),false),
(toInt32(419),'DetailValue_419',toInt32(4),false),
(toInt32(420),'DetailValue_420',toInt32(4),true),
(toInt32(421),'DetailValue_421',toInt32(4),false),
(toInt32(422),'DetailValue_422',toInt32(4),false),
(toInt32(423),'DetailValue_423',toInt32(4),true),
(toInt32(424),'DetailValue_424',toInt32(4),false),
(toInt32(425),'DetailValue_425',toInt32(4),false),
(toInt32(426),'DetailValue_426',toInt32(4),true),
(toInt32(427),'DetailValue_427',toInt32(4),false),
(toInt32(428),'DetailValue_428',toInt32(4),false),
(toInt32(429),'DetailValue_429',toInt32(4),true),
(toInt32(430),'DetailValue_430',toInt32(4),false),
(toInt32(431),'DetailValue_431',toInt32(4),false),
(toInt32(432),'DetailValue_432',toInt32(4),true),
(toInt32(433),'DetailValue_433',toInt32(4),false),
(toInt32(434),'DetailValue_434',toInt32(4),false),
(toInt32(435),'DetailValue_435',toInt32(4),true),
(toInt32(436),'DetailValue_436',toInt32(4),false),
(toInt32(437),'DetailValue_437',toInt32(4),false),
(toInt32(438),'DetailValue_438',toInt32(4),true),
(toInt32(439),'DetailValue_439',toInt32(4),false),
(toInt32(440),'DetailValue_440',toInt32(4),false),
(toInt32(441),'DetailValue_441',toInt32(4),true),
(toInt32(442),'DetailValue_442',toInt32(4),false),
(toInt32(443),'DetailValue_443',toInt32(4),false),
(toInt32(444),'DetailValue_444',toInt32(4),true),
(toInt32(445),'DetailValue_445',toInt32(4),false),
(toInt32(446),'DetailValue_446',toInt32(4),false),
(toInt32(447),'DetailValue_447',toInt32(4),true),
(toInt32(448),'DetailValue_448',toInt32(4),false),
(toInt32(449),'DetailValue_449',toInt32(4),false),
(toInt32(450),'DetailValue_450',toInt32(4),true),
(toInt32(451),'DetailValue_451',toInt32(4),false),
(toInt32(452),'DetailValue_452',toInt32(4),false),
(toInt32(453),'DetailValue_453',toInt32(4),true),
(toInt32(454),'DetailValue_454',toInt32(4),false),
(toInt32(455),'DetailValue_455',toInt32(4),false),
(toInt32(456),'DetailValue_456',toInt32(4),true),
(toInt32(457),'DetailValue_457',toInt32(4),false),
(toInt32(458),'DetailValue_458',toInt32(4),false),
(toInt32(459),'DetailValue_459',toInt32(4),true),
(toInt32(460),'DetailValue_460',toInt32(4),false),
(toInt32(461),'DetailValue_461',toInt32(4),false),
(toInt32(462),'DetailValue_462',toInt32(4),true),
(toInt32(463),'DetailValue_463',toInt32(4),false),
(toInt32(464),'DetailValue_464',toInt32(4),false),
(toInt32(465),'DetailValue_465',toInt32(4),true),
(toInt32(466),'DetailValue_466',toInt32(4),false),
(toInt32(467),'DetailValue_467',toInt32(4),false),
(toInt32(468),'DetailValue_468',toInt32(4),true),
(toInt32(469),'DetailValue_469',toInt32(4),false),
(toInt32(470),'DetailValue_470',toInt32(4),false),
(toInt32(471),'DetailValue_471',toInt32(4),true),
(toInt32(472),'DetailValue_472',toInt32(4),false),
(toInt32(473),'DetailValue_473',toInt32(4),false),
(toInt32(474),'DetailValue_474',toInt32(4),true),
(toInt32(475),'DetailValue_475',toInt32(4),false),
(toInt32(476),'DetailValue_476',toInt32(4),false),
(toInt32(477),'DetailValue_477',toInt32(4),true),
(toInt32(478),'DetailValue_478',toInt32(4),false),
(toInt32(479),'DetailValue_479',toInt32(4),false),
(toInt32(480),'DetailValue_480',toInt32(4),true),
(toInt32(481),'DetailValue_481',toInt32(4),false),
(toInt32(482),'DetailValue_482',toInt32(4),false),
(toInt32(483),'DetailValue_483',toInt32(4),true),
(toInt32(484),'DetailValue_484',toInt32(4),false),
(toInt32(485),'DetailValue_485',toInt32(4),false),
(toInt32(486),'DetailValue_486',toInt32(4),true),
(toInt32(487),'DetailValue_487',toInt32(4),false),
(toInt32(488),'DetailValue_488',toInt32(4),false),
(toInt32(489),'DetailValue_489',toInt32(4),true),
(toInt32(490),'DetailValue_490',toInt32(4),false),
(toInt32(491),'DetailValue_491',toInt32(4),false),
(toInt32(492),'DetailValue_492',toInt32(4),true),
(toInt32(493),'DetailValue_493',toInt32(4),false),
(toInt32(494),'DetailValue_494',toInt32(4),false),
(toInt32(495),'DetailValue_495',toInt32(4),true),
(toInt32(496),'DetailValue_496',toInt32(4),false),
(toInt32(497),'DetailValue_497',toInt32(4),false),
(toInt32(498),'DetailValue_498',toInt32(4),true),
(toInt32(499),'DetailValue_499',toInt32(4),false),
(toInt32(500),'DetailValue_500',toInt32(5),false),
(toInt32(501),'DetailValue_501',toInt32(5),true),
(toInt32(502),'DetailValue_502',toInt32(5),false),
(toInt32(503),'DetailValue_503',toInt32(5),false),
(toInt32(504),'DetailValue_504',toInt32(5),true),
(toInt32(505),'DetailValue_505',toInt32(5),false),
(toInt32(506),'DetailValue_506',toInt32(5),false),
(toInt32(507),'DetailValue_507',toInt32(5),true),
(toInt32(508),'DetailValue_508',toInt32(5),false),
(toInt32(509),'DetailValue_509',toInt32(5),false),
(toInt32(510),'DetailValue_510',toInt32(5),true),
(toInt32(511),'DetailValue_511',toInt32(5),false),
(toInt32(512),'DetailValue_512',toInt32(5),false),
(toInt32(513),'DetailValue_513',toInt32(5),true),
(toInt32(514),'DetailValue_514',toInt32(5),false),
(toInt32(515),'DetailValue_515',toInt32(5),false),
(toInt32(516),'DetailValue_516',toInt32(5),true),
(toInt32(517),'DetailValue_517',toInt32(5),false),
(toInt32(518),'DetailValue_518',toInt32(5),false),
(toInt32(519),'DetailValue_519',toInt32(5),true),
(toInt32(520),'DetailValue_520',toInt32(5),false),
(toInt32(521),'DetailValue_521',toInt32(5),false),
(toInt32(522),'DetailValue_522',toInt32(5),true),
(toInt32(523),'DetailValue_523',toInt32(5),false),
(toInt32(524),'DetailValue_524',toInt32(5),false),
(toInt32(525),'DetailValue_525',toInt32(5),true),
(toInt32(526),'DetailValue_526',toInt32(5),false),
(toInt32(527),'DetailValue_527',toInt32(5),false),
(toInt32(528),'DetailValue_528',toInt32(5),true),
(toInt32(529),'DetailValue_529',toInt32(5),false),
(toInt32(530),'DetailValue_530',toInt32(5),false),
(toInt32(531),'DetailValue_531',toInt32(5),true),
(toInt32(532),'DetailValue_532',toInt32(5),false),
(toInt32(533),'DetailValue_533',toInt32(5),false),
(toInt32(534),'DetailValue_534',toInt32(5),true),
(toInt32(535),'DetailValue_535',toInt32(5),false),
(toInt32(536),'DetailValue_536',toInt32(5),false),
(toInt32(537),'DetailValue_537',toInt32(5),true),
(toInt32(538),'DetailValue_538',toInt32(5),false),
(toInt32(539),'DetailValue_539',toInt32(5),false),
(toInt32(540),'DetailValue_540',toInt32(5),true),
(toInt32(541),'DetailValue_541',toInt32(5),false),
(toInt32(542),'DetailValue_542',toInt32(5),false),
(toInt32(543),'DetailValue_543',toInt32(5),true),
(toInt32(544),'DetailValue_544',toInt32(5),false),
(toInt32(545),'DetailValue_545',toInt32(5),false),
(toInt32(546),'DetailValue_546',toInt32(5),true),
(toInt32(547),'DetailValue_547',toInt32(5),false),
(toInt32(548),'DetailValue_548',toInt32(5),false),
(toInt32(549),'DetailValue_549',toInt32(5),true),
(toInt32(550),'DetailValue_550',toInt32(5),false),
(toInt32(551),'DetailValue_551',toInt32(5),false),
(toInt32(552),'DetailValue_552',toInt32(5),true),
(toInt32(553),'DetailValue_553',toInt32(5),false),
(toInt32(554),'DetailValue_554',toInt32(5),false),
(toInt32(555),'DetailValue_555',toInt32(5),true),
(toInt32(556),'DetailValue_556',toInt32(5),false),
(toInt32(557),'DetailValue_557',toInt32(5),false),
(toInt32(558),'DetailValue_558',toInt32(5),true),
(toInt32(559),'DetailValue_559',toInt32(5),false),
(toInt32(560),'DetailValue_560',toInt32(5),false),
(toInt32(561),'DetailValue_561',toInt32(5),true),
(toInt32(562),'DetailValue_562',toInt32(5),false),
(toInt32(563),'DetailValue_563',toInt32(5),false),
(toInt32(564),'DetailValue_564',toInt32(5),true),
(toInt32(565),'DetailValue_565',toInt32(5),false),
(toInt32(566),'DetailValue_566',toInt32(5),false),
(toInt32(567),'DetailValue_567',toInt32(5),true),
(toInt32(568),'DetailValue_568',toInt32(5),false),
(toInt32(569),'DetailValue_569',toInt32(5),false),
(toInt32(570),'DetailValue_570',toInt32(5),true),
(toInt32(571),'DetailValue_571',toInt32(5),false),
(toInt32(572),'DetailValue_572',toInt32(5),false),
(toInt32(573),'DetailValue_573',toInt32(5),true),
(toInt32(574),'DetailValue_574',toInt32(5),false),
(toInt32(575),'DetailValue_575',toInt32(5),false),
(toInt32(576),'DetailValue_576',toInt32(5),true),
(toInt32(577),'DetailValue_577',toInt32(5),false),
(toInt32(578),'DetailValue_578',toInt32(5),false),
(toInt32(579),'DetailValue_579',toInt32(5),true),
(toInt32(580),'DetailValue_580',toInt32(5),false),
(toInt32(581),'DetailValue_581',toInt32(5),false),
(toInt32(582),'DetailValue_582',toInt32(5),true),
(toInt32(583),'DetailValue_583',toInt32(5),false),
(toInt32(584),'DetailValue_584',toInt32(5),false),
(toInt32(585),'DetailValue_585',toInt32(5),true),
(toInt32(586),'DetailValue_586',toInt32(5),false),
(toInt32(587),'DetailValue_587',toInt32(5),false),
(toInt32(588),'DetailValue_588',toInt32(5),true),
(toInt32(589),'DetailValue_589',toInt32(5),false),
(toInt32(590),'DetailValue_590',toInt32(5),false),
(toInt32(591),'DetailValue_591',toInt32(5),true),
(toInt32(592),'DetailValue_592',toInt32(5),false),
(toInt32(593),'DetailValue_593',toInt32(5),false),
(toInt32(594),'DetailValue_594',toInt32(5),true),
(toInt32(595),'DetailValue_595',toInt32(5),false),
(toInt32(596),'DetailValue_596',toInt32(5),false),
(toInt32(597),'DetailValue_597',toInt32(5),true),
(toInt32(598),'DetailValue_598',toInt32(5),false),
(toInt32(599),'DetailValue_599',toInt32(5),false),
(toInt32(600),'DetailValue_600',toInt32(6),true),
(toInt32(601),'DetailValue_601',toInt32(6),false),
(toInt32(602),'DetailValue_602',toInt32(6),false),
(toInt32(603),'DetailValue_603',toInt32(6),true),
(toInt32(604),'DetailValue_604',toInt32(6),false),
(toInt32(605),'DetailValue_605',toInt32(6),false),
(toInt32(606),'DetailValue_606',toInt32(6),true),
(toInt32(607),'DetailValue_607',toInt32(6),false),
(toInt32(608),'DetailValue_608',toInt32(6),false),
(toInt32(609),'DetailValue_609',toInt32(6),true),
(toInt32(610),'DetailValue_610',toInt32(6),false),
(toInt32(611),'DetailValue_611',toInt32(6),false),
(toInt32(612),'DetailValue_612',toInt32(6),true),
(toInt32(613),'DetailValue_613',toInt32(6),false),
(toInt32(614),'DetailValue_614',toInt32(6),false),
(toInt32(615),'DetailValue_615',toInt32(6),true),
(toInt32(616),'DetailValue_616',toInt32(6),false),
(toInt32(617),'DetailValue_617',toInt32(6),false),
(toInt32(618),'DetailValue_618',toInt32(6),true),
(toInt32(619),'DetailValue_619',toInt32(6),false),
(toInt32(620),'DetailValue_620',toInt32(6),false),
(toInt32(621),'DetailValue_621',toInt32(6),true),
(toInt32(622),'DetailValue_622',toInt32(6),false),
(toInt32(623),'DetailValue_623',toInt32(6),false),
(toInt32(624),'DetailValue_624',toInt32(6),true),
(toInt32(625),'DetailValue_625',toInt32(6),false),
(toInt32(626),'DetailValue_626',toInt32(6),false),
(toInt32(627),'DetailValue_627',toInt32(6),true),
(toInt32(628),'DetailValue_628',toInt32(6),false),
(toInt32(629),'DetailValue_629',toInt32(6),false),
(toInt32(630),'DetailValue_630',toInt32(6),true),
(toInt32(631),'DetailValue_631',toInt32(6),false),
(toInt32(632),'DetailValue_632',toInt32(6),false),
(toInt32(633),'DetailValue_633',toInt32(6),true),
(toInt32(634),'DetailValue_634',toInt32(6),false),
(toInt32(635),'DetailValue_635',toInt32(6),false),
(toInt32(636),'DetailValue_636',toInt32(6),true),
(toInt32(637),'DetailValue_637',toInt32(6),false),
(toInt32(638),'DetailValue_638',toInt32(6),false),
(toInt32(639),'DetailValue_639',toInt32(6),true),
(toInt32(640),'DetailValue_640',toInt32(6),false),
(toInt32(641),'DetailValue_641',toInt32(6),false),
(toInt32(642),'DetailValue_642',toInt32(6),true),
(toInt32(643),'DetailValue_643',toInt32(6),false),
(toInt32(644),'DetailValue_644',toInt32(6),false),
(toInt32(645),'DetailValue_645',toInt32(6),true),
(toInt32(646),'DetailValue_646',toInt32(6),false),
(toInt32(647),'DetailValue_647',toInt32(6),false),
(toInt32(648),'DetailValue_648',toInt32(6),true),
(toInt32(649),'DetailValue_649',toInt32(6),false),
(toInt32(650),'DetailValue_650',toInt32(6),false),
(toInt32(651),'DetailValue_651',toInt32(6),true),
(toInt32(652),'DetailValue_652',toInt32(6),false),
(toInt32(653),'DetailValue_653',toInt32(6),false),
(toInt32(654),'DetailValue_654',toInt32(6),true),
(toInt32(655),'DetailValue_655',toInt32(6),false),
(toInt32(656),'DetailValue_656',toInt32(6),false),
(toInt32(657),'DetailValue_657',toInt32(6),true),
(toInt32(658),'DetailValue_658',toInt32(6),false),
(toInt32(659),'DetailValue_659',toInt32(6),false),
(toInt32(660),'DetailValue_660',toInt32(6),true),
(toInt32(661),'DetailValue_661',toInt32(6),false),
(toInt32(662),'DetailValue_662',toInt32(6),false),
(toInt32(663),'DetailValue_663',toInt32(6),true),
(toInt32(664),'DetailValue_664',toInt32(6),false),
(toInt32(665),'DetailValue_665',toInt32(6),false),
(toInt32(666),'DetailValue_666',toInt32(6),true),
(toInt32(667),'DetailValue_667',toInt32(6),false),
(toInt32(668),'DetailValue_668',toInt32(6),false),
(toInt32(669),'DetailValue_669',toInt32(6),true),
(toInt32(670),'DetailValue_670',toInt32(6),false),
(toInt32(671),'DetailValue_671',toInt32(6),false),
(toInt32(672),'DetailValue_672',toInt32(6),true),
(toInt32(673),'DetailValue_673',toInt32(6),false),
(toInt32(674),'DetailValue_674',toInt32(6),false),
(toInt32(675),'DetailValue_675',toInt32(6),true),
(toInt32(676),'DetailValue_676',toInt32(6),false),
(toInt32(677),'DetailValue_677',toInt32(6),false),
(toInt32(678),'DetailValue_678',toInt32(6),true),
(toInt32(679),'DetailValue_679',toInt32(6),false),
(toInt32(680),'DetailValue_680',toInt32(6),false),
(toInt32(681),'DetailValue_681',toInt32(6),true),
(toInt32(682),'DetailValue_682',toInt32(6),false),
(toInt32(683),'DetailValue_683',toInt32(6),false),
(toInt32(684),'DetailValue_684',toInt32(6),true),
(toInt32(685),'DetailValue_685',toInt32(6),false),
(toInt32(686),'DetailValue_686',toInt32(6),false),
(toInt32(687),'DetailValue_687',toInt32(6),true),
(toInt32(688),'DetailValue_688',toInt32(6),false),
(toInt32(689),'DetailValue_689',toInt32(6),false),
(toInt32(690),'DetailValue_690',toInt32(6),true),
(toInt32(691),'DetailValue_691',toInt32(6),false),
(toInt32(692),'DetailValue_692',toInt32(6),false),
(toInt32(693),'DetailValue_693',toInt32(6),true),
(toInt32(694),'DetailValue_694',toInt32(6),false),
(toInt32(695),'DetailValue_695',toInt32(6),false),
(toInt32(696),'DetailValue_696',toInt32(6),true),
(toInt32(697),'DetailValue_697',toInt32(6),false),
(toInt32(698),'DetailValue_698',toInt32(6),false),
(toInt32(699),'DetailValue_699',toInt32(6),true),
(toInt32(700),'DetailValue_700',toInt32(7),false),
(toInt32(701),'DetailValue_701',toInt32(7),false),
(toInt32(702),'DetailValue_702',toInt32(7),true),
(toInt32(703),'DetailValue_703',toInt32(7),false),
(toInt32(704),'DetailValue_704',toInt32(7),false),
(toInt32(705),'DetailValue_705',toInt32(7),true),
(toInt32(706),'DetailValue_706',toInt32(7),false),
(toInt32(707),'DetailValue_707',toInt32(7),false),
(toInt32(708),'DetailValue_708',toInt32(7),true),
(toInt32(709),'DetailValue_709',toInt32(7),false),
(toInt32(710),'DetailValue_710',toInt32(7),false),
(toInt32(711),'DetailValue_711',toInt32(7),true),
(toInt32(712),'DetailValue_712',toInt32(7),false),
(toInt32(713),'DetailValue_713',toInt32(7),false),
(toInt32(714),'DetailValue_714',toInt32(7),true),
(toInt32(715),'DetailValue_715',toInt32(7),false),
(toInt32(716),'DetailValue_716',toInt32(7),false),
(toInt32(717),'DetailValue_717',toInt32(7),true),
(toInt32(718),'DetailValue_718',toInt32(7),false),
(toInt32(719),'DetailValue_719',toInt32(7),false),
(toInt32(720),'DetailValue_720',toInt32(7),true),
(toInt32(721),'DetailValue_721',toInt32(7),false),
(toInt32(722),'DetailValue_722',toInt32(7),false),
(toInt32(723),'DetailValue_723',toInt32(7),true),
(toInt32(724),'DetailValue_724',toInt32(7),false),
(toInt32(725),'DetailValue_725',toInt32(7),false),
(toInt32(726),'DetailValue_726',toInt32(7),true),
(toInt32(727),'DetailValue_727',toInt32(7),false),
(toInt32(728),'DetailValue_728',toInt32(7),false),
(toInt32(729),'DetailValue_729',toInt32(7),true),
(toInt32(730),'DetailValue_730',toInt32(7),false),
(toInt32(731),'DetailValue_731',toInt32(7),false),
(toInt32(732),'DetailValue_732',toInt32(7),true),
(toInt32(733),'DetailValue_733',toInt32(7),false),
(toInt32(734),'DetailValue_734',toInt32(7),false),
(toInt32(735),'DetailValue_735',toInt32(7),true),
(toInt32(736),'DetailValue_736',toInt32(7),false),
(toInt32(737),'DetailValue_737',toInt32(7),false),
(toInt32(738),'DetailValue_738',toInt32(7),true),
(toInt32(739),'DetailValue_739',toInt32(7),false),
(toInt32(740),'DetailValue_740',toInt32(7),false),
(toInt32(741),'DetailValue_741',toInt32(7),true),
(toInt32(742),'DetailValue_742',toInt32(7),false),
(toInt32(743),'DetailValue_743',toInt32(7),false),
(toInt32(744),'DetailValue_744',toInt32(7),true),
(toInt32(745),'DetailValue_745',toInt32(7),false),
(toInt32(746),'DetailValue_746',toInt32(7),false),
(toInt32(747),'DetailValue_747',toInt32(7),true),
(toInt32(748),'DetailValue_748',toInt32(7),false),
(toInt32(749),'DetailValue_749',toInt32(7),false),
(toInt32(750),'DetailValue_750',toInt32(7),true),
(toInt32(751),'DetailValue_751',toInt32(7),false),
(toInt32(752),'DetailValue_752',toInt32(7),false),
(toInt32(753),'DetailValue_753',toInt32(7),true),
(toInt32(754),'DetailValue_754',toInt32(7),false),
(toInt32(755),'DetailValue_755',toInt32(7),false),
(toInt32(756),'DetailValue_756',toInt32(7),true),
(toInt32(757),'DetailValue_757',toInt32(7),false),
(toInt32(758),'DetailValue_758',toInt32(7),false),
(toInt32(759),'DetailValue_759',toInt32(7),true),
(toInt32(760),'DetailValue_760',toInt32(7),false),
(toInt32(761),'DetailValue_761',toInt32(7),false),
(toInt32(762),'DetailValue_762',toInt32(7),true),
(toInt32(763),'DetailValue_763',toInt32(7),false),
(toInt32(764),'DetailValue_764',toInt32(7),false),
(toInt32(765),'DetailValue_765',toInt32(7),true),
(toInt32(766),'DetailValue_766',toInt32(7),false),
(toInt32(767),'DetailValue_767',toInt32(7),false),
(toInt32(768),'DetailValue_768',toInt32(7),true),
(toInt32(769),'DetailValue_769',toInt32(7),false),
(toInt32(770),'DetailValue_770',toInt32(7),false),
(toInt32(771),'DetailValue_771',toInt32(7),true),
(toInt32(772),'DetailValue_772',toInt32(7),false),
(toInt32(773),'DetailValue_773',toInt32(7),false),
(toInt32(774),'DetailValue_774',toInt32(7),true),
(toInt32(775),'DetailValue_775',toInt32(7),false),
(toInt32(776),'DetailValue_776',toInt32(7),false),
(toInt32(777),'DetailValue_777',toInt32(7),true),
(toInt32(778),'DetailValue_778',toInt32(7),false),
(toInt32(779),'DetailValue_779',toInt32(7),false),
(toInt32(780),'DetailValue_780',toInt32(7),true),
(toInt32(781),'DetailValue_781',toInt32(7),false),
(toInt32(782),'DetailValue_782',toInt32(7),false),
(toInt32(783),'DetailValue_783',toInt32(7),true),
(toInt32(784),'DetailValue_784',toInt32(7),false),
(toInt32(785),'DetailValue_785',toInt32(7),false),
(toInt32(786),'DetailValue_786',toInt32(7),true),
(toInt32(787),'DetailValue_787',toInt32(7),false),
(toInt32(788),'DetailValue_788',toInt32(7),false),
(toInt32(789),'DetailValue_789',toInt32(7),true),
(toInt32(790),'DetailValue_790',toInt32(7),false),
(toInt32(791),'DetailValue_791',toInt32(7),false),
(toInt32(792),'DetailValue_792',toInt32(7),true),
(toInt32(793),'DetailValue_793',toInt32(7),false),
(toInt32(794),'DetailValue_794',toInt32(7),false),
(toInt32(795),'DetailValue_795',toInt32(7),true),
(toInt32(796),'DetailValue_796',toInt32(7),false),
(toInt32(797),'DetailValue_797',toInt32(7),false),
(toInt32(798),'DetailValue_798',toInt32(7),true),
(toInt32(799),'DetailValue_799',toInt32(7),false),
(toInt32(800),'DetailValue_800',toInt32(8),false),
(toInt32(801),'DetailValue_801',toInt32(8),true),
(toInt32(802),'DetailValue_802',toInt32(8),false),
(toInt32(803),'DetailValue_803',toInt32(8),false),
(toInt32(804),'DetailValue_804',toInt32(8),true),
(toInt32(805),'DetailValue_805',toInt32(8),false),
(toInt32(806),'DetailValue_806',toInt32(8),false),
(toInt32(807),'DetailValue_807',toInt32(8),true),
(toInt32(808),'DetailValue_808',toInt32(8),false),
(toInt32(809),'DetailValue_809',toInt32(8),false),
(toInt32(810),'DetailValue_810',toInt32(8),true),
(toInt32(811),'DetailValue_811',toInt32(8),false),
(toInt32(812),'DetailValue_812',toInt32(8),false),
(toInt32(813),'DetailValue_813',toInt32(8),true),
(toInt32(814),'DetailValue_814',toInt32(8),false),
(toInt32(815),'DetailValue_815',toInt32(8),false),
(toInt32(816),'DetailValue_816',toInt32(8),true),
(toInt32(817),'DetailValue_817',toInt32(8),false),
(toInt32(818),'DetailValue_818',toInt32(8),false),
(toInt32(819),'DetailValue_819',toInt32(8),true),
(toInt32(820),'DetailValue_820',toInt32(8),false),
(toInt32(821),'DetailValue_821',toInt32(8),false),
(toInt32(822),'DetailValue_822',toInt32(8),true),
(toInt32(823),'DetailValue_823',toInt32(8),false),
(toInt32(824),'DetailValue_824',toInt32(8),false),
(toInt32(825),'DetailValue_825',toInt32(8),true),
(toInt32(826),'DetailValue_826',toInt32(8),false),
(toInt32(827),'DetailValue_827',toInt32(8),false),
(toInt32(828),'DetailValue_828',toInt32(8),true),
(toInt32(829),'DetailValue_829',toInt32(8),false),
(toInt32(830),'DetailValue_830',toInt32(8),false),
(toInt32(831),'DetailValue_831',toInt32(8),true),
(toInt32(832),'DetailValue_832',toInt32(8),false),
(toInt32(833),'DetailValue_833',toInt32(8),false),
(toInt32(834),'DetailValue_834',toInt32(8),true),
(toInt32(835),'DetailValue_835',toInt32(8),false),
(toInt32(836),'DetailValue_836',toInt32(8),false),
(toInt32(837),'DetailValue_837',toInt32(8),true),
(toInt32(838),'DetailValue_838',toInt32(8),false),
(toInt32(839),'DetailValue_839',toInt32(8),false),
(toInt32(840),'DetailValue_840',toInt32(8),true),
(toInt32(841),'DetailValue_841',toInt32(8),false),
(toInt32(842),'DetailValue_842',toInt32(8),false),
(toInt32(843),'DetailValue_843',toInt32(8),true),
(toInt32(844),'DetailValue_844',toInt32(8),false),
(toInt32(845),'DetailValue_845',toInt32(8),false),
(toInt32(846),'DetailValue_846',toInt32(8),true),
(toInt32(847),'DetailValue_847',toInt32(8),false),
(toInt32(848),'DetailValue_848',toInt32(8),false),
(toInt32(849),'DetailValue_849',toInt32(8),true),
(toInt32(850),'DetailValue_850',toInt32(8),false),
(toInt32(851),'DetailValue_851',toInt32(8),false),
(toInt32(852),'DetailValue_852',toInt32(8),true),
(toInt32(853),'DetailValue_853',toInt32(8),false),
(toInt32(854),'DetailValue_854',toInt32(8),false),
(toInt32(855),'DetailValue_855',toInt32(8),true),
(toInt32(856),'DetailValue_856',toInt32(8),false),
(toInt32(857),'DetailValue_857',toInt32(8),false),
(toInt32(858),'DetailValue_858',toInt32(8),true),
(toInt32(859),'DetailValue_859',toInt32(8),false),
(toInt32(860),'DetailValue_860',toInt32(8),false),
(toInt32(861),'DetailValue_861',toInt32(8),true),
(toInt32(862),'DetailValue_862',toInt32(8),false),
(toInt32(863),'DetailValue_863',toInt32(8),false),
(toInt32(864),'DetailValue_864',toInt32(8),true),
(toInt32(865),'DetailValue_865',toInt32(8),false),
(toInt32(866),'DetailValue_866',toInt32(8),false),
(toInt32(867),'DetailValue_867',toInt32(8),true),
(toInt32(868),'DetailValue_868',toInt32(8),false),
(toInt32(869),'DetailValue_869',toInt32(8),false),
(toInt32(870),'DetailValue_870',toInt32(8),true),
(toInt32(871),'DetailValue_871',toInt32(8),false),
(toInt32(872),'DetailValue_872',toInt32(8),false),
(toInt32(873),'DetailValue_873',toInt32(8),true),
(toInt32(874),'DetailValue_874',toInt32(8),false),
(toInt32(875),'DetailValue_875',toInt32(8),false),
(toInt32(876),'DetailValue_876',toInt32(8),true),
(toInt32(877),'DetailValue_877',toInt32(8),false),
(toInt32(878),'DetailValue_878',toInt32(8),false),
(toInt32(879),'DetailValue_879',toInt32(8),true),
(toInt32(880),'DetailValue_880',toInt32(8),false),
(toInt32(881),'DetailValue_881',toInt32(8),false),
(toInt32(882),'DetailValue_882',toInt32(8),true),
(toInt32(883),'DetailValue_883',toInt32(8),false),
(toInt32(884),'DetailValue_884',toInt32(8),false),
(toInt32(885),'DetailValue_885',toInt32(8),true),
(toInt32(886),'DetailValue_886',toInt32(8),false),
(toInt32(887),'DetailValue_887',toInt32(8),false),
(toInt32(888),'DetailValue_888',toInt32(8),true),
(toInt32(889),'DetailValue_889',toInt32(8),false),
(toInt32(890),'DetailValue_890',toInt32(8),false),
(toInt32(891),'DetailValue_891',toInt32(8),true),
(toInt32(892),'DetailValue_892',toInt32(8),false),
(toInt32(893),'DetailValue_893',toInt32(8),false),
(toInt32(894),'DetailValue_894',toInt32(8),true),
(toInt32(895),'DetailValue_895',toInt32(8),false),
(toInt32(896),'DetailValue_896',toInt32(8),false),
(toInt32(897),'DetailValue_897',toInt32(8),true),
(toInt32(898),'DetailValue_898',toInt32(8),false),
(toInt32(899),'DetailValue_899',toInt32(8),false),
(toInt32(900),'DetailValue_900',toInt32(9),true),
(toInt32(901),'DetailValue_901',toInt32(9),false),
(toInt32(902),'DetailValue_902',toInt32(9),false),
(toInt32(903),'DetailValue_903',toInt32(9),true),
(toInt32(904),'DetailValue_904',toInt32(9),false),
(toInt32(905),'DetailValue_905',toInt32(9),false),
(toInt32(906),'DetailValue_906',toInt32(9),true),
(toInt32(907),'DetailValue_907',toInt32(9),false),
(toInt32(908),'DetailValue_908',toInt32(9),false),
(toInt32(909),'DetailValue_909',toInt32(9),true),
(toInt32(910),'DetailValue_910',toInt32(9),false),
(toInt32(911),'DetailValue_911',toInt32(9),false),
(toInt32(912),'DetailValue_912',toInt32(9),true),
(toInt32(913),'DetailValue_913',toInt32(9),false),
(toInt32(914),'DetailValue_914',toInt32(9),false),
(toInt32(915),'DetailValue_915',toInt32(9),true),
(toInt32(916),'DetailValue_916',toInt32(9),false),
(toInt32(917),'DetailValue_917',toInt32(9),false),
(toInt32(918),'DetailValue_918',toInt32(9),true),
(toInt32(919),'DetailValue_919',toInt32(9),false),
(toInt32(920),'DetailValue_920',toInt32(9),false),
(toInt32(921),'DetailValue_921',toInt32(9),true),
(toInt32(922),'DetailValue_922',toInt32(9),false),
(toInt32(923),'DetailValue_923',toInt32(9),false),
(toInt32(924),'DetailValue_924',toInt32(9),true),
(toInt32(925),'DetailValue_925',toInt32(9),false),
(toInt32(926),'DetailValue_926',toInt32(9),false),
(toInt32(927),'DetailValue_927',toInt32(9),true),
(toInt32(928),'DetailValue_928',toInt32(9),false),
(toInt32(929),'DetailValue_929',toInt32(9),false),
(toInt32(930),'DetailValue_930',toInt32(9),true),
(toInt32(931),'DetailValue_931',toInt32(9),false),
(toInt32(932),'DetailValue_932',toInt32(9),false),
(toInt32(933),'DetailValue_933',toInt32(9),true),
(toInt32(934),'DetailValue_934',toInt32(9),false),
(toInt32(935),'DetailValue_935',toInt32(9),false),
(toInt32(936),'DetailValue_936',toInt32(9),true),
(toInt32(937),'DetailValue_937',toInt32(9),false),
(toInt32(938),'DetailValue_938',toInt32(9),false),
(toInt32(939),'DetailValue_939',toInt32(9),true),
(toInt32(940),'DetailValue_940',toInt32(9),false),
(toInt32(941),'DetailValue_941',toInt32(9),false),
(toInt32(942),'DetailValue_942',toInt32(9),true),
(toInt32(943),'DetailValue_943',toInt32(9),false),
(toInt32(944),'DetailValue_944',toInt32(9),false),
(toInt32(945),'DetailValue_945',toInt32(9),true),
(toInt32(946),'DetailValue_946',toInt32(9),false),
(toInt32(947),'DetailValue_947',toInt32(9),false),
(toInt32(948),'DetailValue_948',toInt32(9),true),
(toInt32(949),'DetailValue_949',toInt32(9),false),
(toInt32(950),'DetailValue_950',toInt32(9),false),
(toInt32(951),'DetailValue_951',toInt32(9),true),
(toInt32(952),'DetailValue_952',toInt32(9),false),
(toInt32(953),'DetailValue_953',toInt32(9),false),
(toInt32(954),'DetailValue_954',toInt32(9),true),
(toInt32(955),'DetailValue_955',toInt32(9),false),
(toInt32(956),'DetailValue_956',toInt32(9),false),
(toInt32(957),'DetailValue_957',toInt32(9),true),
(toInt32(958),'DetailValue_958',toInt32(9),false),
(toInt32(959),'DetailValue_959',toInt32(9),false),
(toInt32(960),'DetailValue_960',toInt32(9),true),
(toInt32(961),'DetailValue_961',toInt32(9),false),
(toInt32(962),'DetailValue_962',toInt32(9),false),
(toInt32(963),'DetailValue_963',toInt32(9),true),
(toInt32(964),'DetailValue_964',toInt32(9),false),
(toInt32(965),'DetailValue_965',toInt32(9),false),
(toInt32(966),'DetailValue_966',toInt32(9),true),
(toInt32(967),'DetailValue_967',toInt32(9),false),
(toInt32(968),'DetailValue_968',toInt32(9),false),
(toInt32(969),'DetailValue_969',toInt32(9),true),
(toInt32(970),'DetailValue_970',toInt32(9),false),
(toInt32(971),'DetailValue_971',toInt32(9),false),
(toInt32(972),'DetailValue_972',toInt32(9),true),
(toInt32(973),'DetailValue_973',toInt32(9),false),
(toInt32(974),'DetailValue_974',toInt32(9),false),
(toInt32(975),'DetailValue_975',toInt32(9),true),
(toInt32(976),'DetailValue_976',toInt32(9),false),
(toInt32(977),'DetailValue_977',toInt32(9),false),
(toInt32(978),'DetailValue_978',toInt32(9),true),
(toInt32(979),'DetailValue_979',toInt32(9),false),
(toInt32(980),'DetailValue_980',toInt32(9),false),
(toInt32(981),'DetailValue_981',toInt32(9),true),
(toInt32(982),'DetailValue_982',toInt32(9),false),
(toInt32(983),'DetailValue_983',toInt32(9),false),
(toInt32(984),'DetailValue_984',toInt32(9),true),
(toInt32(985),'DetailValue_985',toInt32(9),false),
(toInt32(986),'DetailValue_986',toInt32(9),false),
(toInt32(987),'DetailValue_987',toInt32(9),true),
(toInt32(988),'DetailValue_988',toInt32(9),false),
(toInt32(989),'DetailValue_989',toInt32(9),false),
(toInt32(990),'DetailValue_990',toInt32(9),true),
(toInt32(991),'DetailValue_991',toInt32(9),false),
(toInt32(992),'DetailValue_992',toInt32(9),false),
(toInt32(993),'DetailValue_993',toInt32(9),true),
(toInt32(994),'DetailValue_994',toInt32(9),false),
(toInt32(995),'DetailValue_995',toInt32(9),false),
(toInt32(996),'DetailValue_996',toInt32(9),true),
(toInt32(997),'DetailValue_997',toInt32(9),false),
(toInt32(998),'DetailValue_998',toInt32(9),false),
(toInt32(999),'DetailValue_999',toInt32(9),true),
(toInt32(1000),'DetailValue_1000',toInt32(10),false)

BeforeExecute
-- ClickHouse.Client ClickHouse

SELECT
	e.Id,
	e.Value,
	e.MasterId,
	e.IsDeleted
FROM
	MasterClass m_1
		INNER JOIN DetailClass e ON e.IsDeleted = false AND m_1.Id = e.MasterId

BeforeExecute
-- ClickHouse.Client ClickHouse

SELECT
	d.Id,
	d.Value,
	d.MasterId,
	d.IsDeleted
FROM
	MasterClass m_1
		INNER JOIN DetailClass d ON m_1.Id = d.MasterId

BeforeExecute
-- ClickHouse.Client ClickHouse

SELECT
	e.Id,
	e.Value,
	e.MasterId,
	e.IsDeleted
FROM
	MasterClass m_1
		INNER JOIN DetailClass e ON e.IsDeleted = false AND m_1.Id = e.MasterId

BeforeExecute
-- ClickHouse.Client ClickHouse

SELECT
	d.Id,
	d.Value,
	d.MasterId,
	d.IsDeleted
FROM
	MasterClass m_1
		INNER JOIN DetailClass d ON m_1.Id = d.MasterId

BeforeExecute
-- ClickHouse.Client ClickHouse

DROP TABLE IF EXISTS DetailClass

BeforeExecute
-- ClickHouse.Client ClickHouse

DROP TABLE IF EXISTS InfoClass

BeforeExecute
-- ClickHouse.Client ClickHouse

DROP TABLE IF EXISTS MasterClass

